,Close,Close,Close
,BYMA.BA,YPF,YPFD.BA
Date,,,
2018-01-02,34.468936920166016,23.639999389648438,434.1499938964844
2018-01-03,33.041847229003906,23.600000381469727,440.1499938964844
2018-01-04,32.21145248413086,23.290000915527344,439.70001220703125
2018-01-05,32.40537643432617,23.010000228881836,431.75
2018-01-08,32.26614761352539,23.75,449.20001220703125
2018-01-09,31.6346492767334,23.760000228881836,457.0
2018-01-10,31.57000732421875,23.93000030517578,446.6000061035156
2018-01-11,31.739070892333984,24.729999542236328,462.5
2018-01-12,32.967262268066406,25.049999237060547,470.54998779296875
2018-01-15,33.40483474731445,25.15999984741211,491.95001220703125
2018-01-16,33.076656341552734,25.270000457763672,482.1499938964844
2018-01-17,32.78328323364258,25.18000030517578,481.04998779296875
2018-01-18,33.46450424194336,25.229999542236328,483.0
2018-01-19,33.31533432006836,24.989999771118164,473.04998779296875
2018-01-22,32.370567321777344,25.280000686645508,482.8500061035156
2018-01-23,33.31533432006836,25.559999465942383,499.8999938964844
2018-01-24,34.91645812988281,26.270000457763672,517.9500122070312
2018-01-25,35.72199249267578,26.18000030517578,518.6500244140625
2018-01-26,35.269500732421875,25.899999618530273,510.0
2018-01-29,34.642974853515625,24.360000610351562,485.3500061035156
2018-01-30,34.17556381225586,23.899999618530273,471.8999938964844
2018-01-31,35.7717170715332,24.149999618530273,478.1000061035156
2018-02-01,35.035797119140625,24.600000381469727,475.1499938964844
2018-02-02,34.05125427246094,23.190000534057617,455.04998779296875
2018-02-05,32.76836395263672,22.549999237060547,438.70001220703125
2018-02-06,31.808683395385742,22.950000762939453,447.3999938964844
2018-02-07,31.803712844848633,22.06999969482422,438.1000061035156
2018-02-08,31.57000732421875,21.43000030517578,434.0
2018-02-09,29.9141845703125,21.1200008392334,421.8500061035156
2018-02-12,30.285460154215496,22.139999389648438,433.68333943684894
2018-02-13,30.65673573811849,22.790000915527344,445.5166727701823
2018-02-14,31.028011322021484,22.889999389648438,457.3500061035156
2018-02-15,31.55011749267578,22.860000610351562,451.0
2018-02-16,32.49488067626953,23.15999984741211,459.6499938964844
2018-02-19,33.215885162353516,23.210000038146973,467.1000061035156
2018-02-20,32.922508239746094,23.260000228881836,461.3500061035156
2018-02-21,32.67388916015625,23.190000534057617,465.70001220703125
2018-02-22,32.23134231567383,23.75,474.20001220703125
2018-02-23,31.82857322692871,23.739999771118164,469.5
2018-02-26,34.67778015136719,24.0,480.04998779296875
2018-02-27,34.623085021972656,23.459999084472656,476.5
2018-02-28,34.623085021972656,23.110000610351562,469.8500061035156
2018-03-01,35.1153564453125,22.850000381469727,461.1499938964844
2018-03-02,35.483314514160156,22.520000457763672,452.04998779296875
2018-03-05,35.2645263671875,22.3700008392334,451.8999938964844
2018-03-06,35.433589935302734,22.5,461.1000061035156
2018-03-07,35.20983123779297,22.450000762939453,456.29998779296875
2018-03-08,35.363975524902344,22.360000610351562,454.20001220703125
2018-03-09,35.7866325378418,22.479999542236328,454.8999938964844
2018-03-12,35.76177215576172,22.030000686645508,446.5
2018-03-13,36.56730651855469,22.040000915527344,446.5
2018-03-14,38.02423095703125,21.610000610351562,437.6499938964844
2018-03-15,39.16291809082031,21.6299991607666,438.25
2018-03-16,39.31706619262695,21.540000915527344,434.45001220703125
2018-03-19,38.6507568359375,21.209999084472656,426.3999938964844
2018-03-20,38.68556594848633,21.329999923706055,431.5
2018-03-21,38.80987548828125,21.90999984741211,444.5
2018-03-22,38.317604064941406,21.270000457763672,431.04998779296875
2018-03-23,38.06401062011719,20.889999389648438,422.75
2018-03-26,39.45629119873047,21.920000076293945,440.54998779296875
2018-03-27,39.01871871948242,21.510000228881836,430.8500061035156
2018-03-28,39.54579544067383,21.40999984741211,432.0
2018-03-29,40.09110641479492,21.6200008392334,432.93332926432294
2018-03-30,,,
2018-04-02,40.636417388916016,21.290000915527344,433.8666585286458
2018-04-03,41.18172836303711,21.579999923706055,434.79998779296875
2018-04-04,41.311012268066406,21.270000457763672,429.45001220703125
2018-04-05,42.03201675415039,21.3799991607666,433.29998779296875
2018-04-06,41.887813568115234,21.1299991607666,429.25
2018-04-09,42.2408561706543,21.309999465942383,434.1000061035156
2018-04-10,42.991695404052734,21.90999984741211,443.54998779296875
2018-04-11,41.62427520751953,22.18000030517578,446.6000061035156
2018-04-12,40.89332962036133,22.329999923706055,451.6000061035156
2018-04-13,40.137516021728516,22.389999389648438,451.79998779296875
2018-04-16,38.819820404052734,22.030000686645508,442.1000061035156
2018-04-17,39.351871490478516,22.65999984741211,455.6499938964844
2018-04-18,39.22258758544922,22.809999465942383,458.8500061035156
2018-04-19,38.69053649902344,23.020000457763672,463.20001220703125
2018-04-20,38.75518035888672,22.59000015258789,457.25
2018-04-23,38.4468879699707,22.770000457763672,459.8500061035156
2018-04-24,37.95958709716797,22.549999237060547,453.8500061035156
2018-04-25,37.46731948852539,22.389999389648438,451.79998779296875
2018-04-26,35.79160690307617,22.09000015258789,459.8999938964844
2018-04-27,37.28831100463867,22.010000228881836,456.54998779296875
2018-04-30,36.77449289957682,21.889999389648438,451.4833272298177
2018-05-01,36.260674794514976,21.579999923706055,446.4166666666667
2018-05-02,35.746856689453125,20.700000762939453,441.3500061035156
2018-05-03,32.78328323364258,19.649999618530273,446.3999938964844
2018-05-04,33.225830078125,19.799999237060547,433.3500061035156
2018-05-07,31.405916213989258,19.989999771118164,437.79998779296875
2018-05-08,30.933534622192383,19.309999465942383,432.1000061035156
2018-05-09,33.81755065917969,20.079999923706055,454.29998779296875
2018-05-10,35.14519119262695,20.809999465942383,478.45001220703125
2018-05-11,34.58330535888672,20.760000228881836,502.1499938964844
2018-05-14,33.83246612548828,20.520000457763672,512.5499877929688
2018-05-15,34.797119140625,19.8799991607666,480.29998779296875
2018-05-16,37.870086669921875,19.8799991607666,484.3500061035156
2018-05-17,37.178916931152344,20.06999969482422,492.29998779296875
2018-05-18,36.786094665527344,20.09000015258789,495.0
2018-05-21,37.0048828125,20.079999923706055,490.25
2018-05-22,36.32365798950195,19.790000915527344,478.8500061035156
2018-05-23,34.414241790771484,19.579999923706055,475.75
2018-05-24,32.87278747558594,19.1299991607666,470.5
2018-05-25,32.924997329711914,19.0,458.1750030517578
2018-05-28,32.97720718383789,18.899999618530273,445.8500061035156
2018-05-29,31.719179153442383,18.799999237060547,465.1499938964844
2018-05-30,31.84846305847168,18.200000762939453,451.8999938964844
2018-05-31,33.02195739746094,18.15999984741211,453.75
2018-06-01,34.722530364990234,18.100000381469727,455.75
2018-06-04,37.213722229003906,17.93000030517578,448.95001220703125
2018-06-05,39.71983337402344,18.209999084472656,455.04998779296875
2018-06-06,39.57563018798828,17.579999923706055,439.45001220703125
2018-06-07,38.60103225708008,18.030000686645508,452.8999938964844
2018-06-08,39.8093376159668,18.09000015258789,461.54998779296875
2018-06-11,40.32149887084961,17.989999771118164,471.79998779296875
2018-06-12,38.80490493774414,17.719999313354492,456.29998779296875
2018-06-13,36.59714126586914,17.510000228881836,459.8500061035156
2018-06-14,35.34906005859375,16.959999084472656,479.54998779296875
2018-06-15,34.90651321411133,16.809999465942383,481.04998779296875
2018-06-18,31.29652214050293,16.219999313354492,446.1499938964844
2018-06-19,34.15567398071289,16.59000015258789,465.79998779296875
2018-06-20,36.96012878417969,16.8799991607666,468.0
2018-06-21,39.764583587646484,17.040000915527344,470.20001220703125
2018-06-22,39.33198165893555,16.739999771118164,458.0
2018-06-25,38.32257843017578,15.479999542236328,423.6000061035156
2018-06-26,37.213722229003906,15.350000381469727,417.1000061035156
2018-06-27,34.17059326171875,14.300000190734863,389.3999938964844
2018-06-28,35.17005157470703,14.09000015258789,396.8500061035156
2018-06-29,34.2899284362793,13.579999923706055,390.0
2018-07-02,33.777767181396484,13.170000076293945,375.70001220703125
2018-07-03,37.0048828125,14.380000114440918,406.75
2018-07-04,37.04466247558594,14.595000267028809,422.0
2018-07-05,37.79549789428711,14.8100004196167,421.04998779296875
2018-07-06,38.730316162109375,14.670000076293945,407.3500061035156
2018-07-09,38.59357452392578,15.25,410.15000915527344
2018-07-10,38.45683288574219,15.109999656677246,412.95001220703125
2018-07-11,37.90489196777344,14.789999961853027,401.75
2018-07-12,36.587196350097656,15.130000114440918,409.95001220703125
2018-07-13,36.368408203125,15.0600004196167,411.0
2018-07-16,36.4976921081543,15.050000190734863,410.1000061035156
2018-07-17,36.13967514038086,15.359999656677246,422.8999938964844
2018-07-18,35.806522369384766,15.539999961853027,431.8500061035156
2018-07-19,35.33414077758789,15.539999961853027,430.0
2018-07-20,36.48774719238281,16.360000610351562,449.6000061035156
2018-07-23,36.40818786621094,16.40999984741211,453.54998779296875
2018-07-24,36.587196350097656,17.100000381469727,468.45001220703125
2018-07-25,37.77063751220703,17.219999313354492,472.0
2018-07-26,37.944671630859375,16.719999313354492,456.79998779296875
2018-07-27,37.9794807434082,16.700000762939453,453.3999938964844
2018-07-30,38.36235809326172,16.459999084472656,447.75
2018-07-31,38.357383728027344,16.600000381469727,451.1000061035156
2018-08-01,38.317604064941406,16.059999465942383,443.0
2018-08-02,37.75074768066406,15.989999771118164,438.79998779296875
2018-08-03,37.79052734375,16.540000915527344,451.8999938964844
2018-08-06,37.51704406738281,16.270000457763672,444.79998779296875
2018-08-07,36.32365798950195,16.010000228881836,435.6000061035156
2018-08-08,34.06616973876953,15.529999732971191,427.79998779296875
2018-08-09,34.77225875854492,15.369999885559082,431.95001220703125
2018-08-10,35.79160690307617,15.199999809265137,444.70001220703125
2018-08-13,35.18994140625,14.800000190734863,445.75
2018-08-14,35.035797119140625,15.300000190734863,454.75
2018-08-15,37.23858642578125,15.010000228881836,451.8999938964844
2018-08-16,37.372840881347656,15.229999542236328,454.20001220703125
2018-08-17,36.32365798950195,14.890000343322754,448.20001220703125
2018-08-20,36.46039962768555,15.59000015258789,456.57501220703125
2018-08-21,36.59714126586914,15.529999732971191,464.95001220703125
2018-08-22,36.691619873046875,16.1200008392334,487.70001220703125
2018-08-23,35.78166198730469,16.049999237060547,487.70001220703125
2018-08-24,34.339656829833984,15.470000267028809,471.25
2018-08-27,33.33024978637695,15.930000305175781,495.1499938964844
2018-08-28,32.062278747558594,15.630000114440918,492.6499938964844
2018-08-29,31.68934440612793,15.369999885559082,515.3499755859375
2018-08-30,32.07719421386719,14.010000228881836,549.6500244140625
2018-08-31,36.82587432861328,15.130000114440918,566.7000122070312
2018-09-03,35.20983123779297,14.78000020980835,552.6500244140625
2018-09-04,33.61865234375,14.430000305175781,560.5499877929688
2018-09-05,34.69269943237305,14.920000076293945,573.8499755859375
2018-09-06,34.9860725402832,15.289999961853027,573.9500122070312
2018-09-07,34.44407653808594,15.460000038146973,571.5999755859375
2018-09-10,33.37002944946289,14.819999694824219,558.5499877929688
2018-09-11,33.151241302490234,14.670000076293945,559.9000244140625
2018-09-12,32.922508239746094,14.84000015258789,575.4500122070312
2018-09-13,32.86284255981445,14.880000114440918,598.7999877929688
2018-09-14,33.17610549926758,14.899999618530273,599.0
2018-09-17,33.449588775634766,14.979999542236328,598.4500122070312
2018-09-18,34.19545364379883,15.869999885559082,635.7000122070312
2018-09-19,36.66675567626953,16.43000030517578,653.5
2018-09-20,38.80490493774414,17.139999389648438,659.75
2018-09-21,37.641353607177734,17.040000915527344,638.5999755859375
2018-09-24,37.31317138671875,16.5,618.2999877929688
2018-09-25,37.850196838378906,16.540000915527344,634.75
2018-09-26,37.77560806274414,16.25,629.4000244140625
2018-09-27,36.73637008666992,16.049999237060547,641.4000244140625
2018-09-28,35.7866325378418,15.449999809265137,644.0499877929688
2018-10-01,35.92586135864258,15.199999809265137,600.5499877929688
2018-10-02,35.83635711669922,15.680000305175781,598.2000122070312
2018-10-03,35.8463020324707,15.65999984741211,592.4500122070312
2018-10-04,35.801551818847656,14.829999923706055,572.2000122070312
2018-10-05,34.37446212768555,14.5600004196167,547.2000122070312
2018-10-08,35.33414077758789,15.149999618530273,569.9500122070312
2018-10-09,35.339115142822266,15.229999542236328,568.0999755859375
2018-10-10,35.29933547973633,14.5600004196167,544.2000122070312
2018-10-11,33.26560974121094,14.140000343322754,522.6500244140625
2018-10-12,33.718101501464844,14.739999771118164,546.6500244140625
2018-10-15,33.76533889770508,14.640000343322754,538.5250244140625
2018-10-16,33.81257629394531,14.670000076293945,530.4000244140625
2018-10-17,33.62362289428711,14.619999885559082,530.3499755859375
2018-10-18,33.67334747314453,14.289999961853027,528.8499755859375
2018-10-19,34.076114654541016,14.319999694824219,529.4500122070312
2018-10-22,33.613677978515625,14.100000381469727,519.5999755859375
2018-10-23,33.94683074951172,13.989999771118164,516.2999877929688
2018-10-24,33.49931335449219,13.399999618530273,499.8999938964844
2018-10-25,34.160648345947266,14.489999771118164,538.9000244140625
2018-10-26,34.19048309326172,15.119999885559082,554.9500122070312
2018-10-29,33.539093017578125,14.75,550.2000122070312
2018-10-30,33.75788116455078,14.869999885559082,547.9500122070312
2018-10-31,33.44461441040039,15.0,541.8499755859375
2018-11-01,34.31479263305664,15.680000305175781,564.6500244140625
2018-11-02,35.015907287597656,15.760000228881836,566.0499877929688
2018-11-05,37.10432815551758,16.06999969482422,577.9500122070312
2018-11-06,37.95212936401367,16.020000457763672,578.75
2018-11-07,38.799930572509766,16.299999237060547,579.5499877929688
2018-11-08,38.07892990112305,15.729999542236328,561.7000122070312
2018-11-09,36.1048698425293,15.4399995803833,545.5499877929688
2018-11-12,35.59768295288086,15.539999961853027,562.75
2018-11-13,36.13470458984375,14.960000038146973,535.6500244140625
2018-11-14,36.24409866333008,15.520000457763672,550.0
2018-11-15,37.07449722290039,15.90999984741211,574.0499877929688
2018-11-16,37.59162902832031,15.920000076293945,574.0499877929688
2018-11-19,36.51012420654297,15.720000267028809,557.0249938964844
2018-11-20,35.428619384765625,14.880000114440918,540.0
2018-11-21,35.39878463745117,15.1899995803833,547.2000122070312
2018-11-22,35.51314926147461,15.044999599456787,549.0999755859375
2018-11-23,35.30928039550781,14.899999618530273,560.25
2018-11-26,34.7424201965332,14.670000076293945,570.1500244140625
2018-11-27,33.767822265625,14.579999923706055,562.8499755859375
2018-11-28,34.6678352355957,14.899999618530273,579.3499755859375
2018-11-29,35.81646728515625,15.229999542236328,567.1500244140625
2018-11-30,35.81646728515625,14.970000267028809,567.1500244140625
2018-12-03,36.517581939697266,15.640000343322754,572.25
2018-12-04,36.2938232421875,15.75,585.75
2018-12-05,36.552391052246094,15.489999771118164,590.2999877929688
2018-12-06,35.910945892333984,15.229999542236328,572.2999877929688
2018-12-07,36.442996978759766,14.989999771118164,561.1500244140625
2018-12-10,35.53303909301758,14.539999961853027,551.75
2018-12-11,35.62254333496094,14.34000015258789,539.75
2018-12-12,36.129730224609375,14.40999984741211,540.1500244140625
2018-12-13,35.801551818847656,14.359999656677246,540.0
2018-12-14,35.92089080810547,14.390000343322754,550.0499877929688
2018-12-17,35.105411529541016,13.65999984741211,523.75
2018-12-18,34.20539855957031,13.329999923706055,506.8500061035156
2018-12-19,34.11589431762695,13.079999923706055,505.6000061035156
2018-12-20,33.78771209716797,12.760000228881836,495.29998779296875
2018-12-21,33.88716125488281,12.630000114440918,476.6000061035156
2018-12-24,33.91948318481445,12.3100004196167,488.3000030517578
2018-12-25,,,
2018-12-26,33.951805114746094,13.130000114440918,500.0
2018-12-27,35.03082275390625,13.270000457763672,502.1000061035156
2018-12-28,37.63140869140625,13.069999694824219,502.1499938964844
2018-12-31,376.3140869140625,13.390000343322754,502.1499938964844
2019-01-01,,,
2019-01-02,36.82587432861328,13.720000267028809,513.5999755859375
2019-01-03,36.26398849487305,13.760000228881836,518.5
2019-01-04,36.16951370239258,14.430000305175781,538.5499877929688
2019-01-07,37.04466247558594,14.529999732971191,539.0
2019-01-08,36.39824295043945,14.229999542236328,536.5
2019-01-09,36.746315002441406,14.420000076293945,538.5
2019-01-10,36.54741668701172,14.460000038146973,535.2000122070312
2019-01-11,36.29879379272461,14.680000305175781,549.7000122070312
2019-01-14,36.89548873901367,14.609999656677246,536.5999755859375
2019-01-15,37.54190444946289,14.510000228881836,532.3499755859375
2019-01-16,37.74080276489258,14.699999809265137,554.3499755859375
2019-01-17,37.74080276489258,14.960000038146973,563.25
2019-01-18,38.3872184753418,15.399999618530273,578.25
2019-01-21,38.834739685058594,15.404999732971191,596.5
2019-01-22,38.039146423339844,15.40999984741211,572.1500244140625
2019-01-23,38.13859558105469,15.260000228881836,567.4500122070312
2019-01-24,38.3872184753418,15.65999984741211,591.9500122070312
2019-01-25,37.79052734375,15.630000114440918,575.4500122070312
2019-01-28,37.49217987060547,15.359999656677246,567.7000122070312
2019-01-29,36.84576416015625,15.670000076293945,589.0
2019-01-30,37.889976501464844,15.899999618530273,595.5499877929688
2019-01-31,38.039146423339844,16.350000381469727,606.2999877929688
2019-02-01,37.54190444946289,16.5,614.75
2019-02-04,37.19383239746094,16.600000381469727,615.6500244140625
2019-02-05,38.23804473876953,16.56999969482422,613.0999755859375
2019-02-06,37.74080276489258,16.110000610351562,604.5999755859375
2019-02-07,37.49217987060547,15.5600004196167,581.9000244140625
2019-02-08,38.53639221191406,15.609999656677246,591.4500122070312
2019-02-11,38.28776931762695,15.430000305175781,584.5999755859375
2019-02-12,38.53639221191406,15.829999923706055,605.5499877929688
2019-02-13,38.43694305419922,15.680000305175781,599.5499877929688
2019-02-14,38.43694305419922,15.729999542236328,605.2000122070312
2019-02-15,38.3872184753418,15.470000267028809,603.4500122070312
2019-02-18,38.337493896484375,15.230000019073486,594.0999755859375
2019-02-19,37.49217987060547,14.989999771118164,580.9000244140625
2019-02-20,36.447967529296875,14.649999618530273,588.5
2019-02-21,36.29879379272461,14.579999923706055,578.4000244140625
2019-02-22,36.447967529296875,14.9399995803833,592.3499755859375
2019-02-25,36.945213317871094,14.609999656677246,578.1500244140625
2019-02-26,36.59714126586914,14.470000267028809,567.2000122070312
2019-02-27,36.29879379272461,14.5,561.0
2019-02-28,35.40375518798828,14.140000343322754,554.2000122070312
2019-03-01,34.558441162109375,13.739999771118164,550.1500244140625
2019-03-04,34.16064707438151,13.3100004196167,534.183349609375
2019-03-05,33.76285298665365,13.010000228881836,518.2166748046875
2019-03-06,33.36505889892578,12.649999618530273,502.25
2019-03-07,32.668914794921875,12.739999771118164,541.9500122070312
2019-03-08,33.71312713623047,12.84000015258789,535.9000244140625
2019-03-11,33.06671142578125,13.630000114440918,560.7000122070312
2019-03-12,33.06671142578125,13.779999732971191,568.0
2019-03-13,33.36505889892578,14.010000228881836,576.0999755859375
2019-03-14,33.06671142578125,14.0,571.5
2019-03-15,33.06671142578125,14.329999923706055,576.8499755859375
2019-03-18,33.166160583496094,14.6899995803833,584.9000244140625
2019-03-19,32.86781311035156,14.3100004196167,577.9500122070312
2019-03-20,32.47001647949219,14.470000267028809,592.4500122070312
2019-03-21,32.47001647949219,14.40999984741211,593.5
2019-03-22,32.221397399902344,13.760000228881836,577.75
2019-03-25,32.56946563720703,13.84000015258789,580.1500244140625
2019-03-26,31.127460479736328,13.760000228881836,589.3499755859375
2019-03-27,30.431318283081055,13.380000114440918,591.0999755859375
2019-03-28,31.326356887817383,13.6899995803833,595.4000244140625
2019-03-29,32.022499084472656,14.010000228881836,610.0
2019-04-01,31.87332534790039,14.449999809265137,616.1500244140625
2019-04-02,31.30149555206299,14.319999694824219,615.4250183105469
2019-04-03,30.729665756225586,14.430000305175781,614.7000122070312
2019-04-04,30.481042861938477,14.479999542236328,629.6500244140625
2019-04-05,30.729665756225586,14.569999694824219,638.75
2019-04-08,30.87883758544922,15.069999694824219,652.1500244140625
2019-04-09,30.182697296142578,14.729999542236328,637.0499877929688
2019-04-10,30.33186912536621,14.989999771118164,641.9500122070312
2019-04-11,29.784902572631836,14.789999961853027,632.0
2019-04-12,29.73517608642578,14.739999771118164,621.1500244140625
2019-04-15,29.486555099487305,14.9399995803833,623.2000122070312
2019-04-16,29.28765869140625,14.90999984741211,638.1500244140625
2019-04-17,29.486555099487305,14.84000015258789,631.9000244140625
2019-04-18,29.337382316589355,14.390000343322754,623.4500122070312
2019-04-19,,,
2019-04-22,29.188209533691406,14.40999984741211,615.0
2019-04-23,28.939586639404297,14.880000114440918,629.4000244140625
2019-04-24,26.851163864135742,14.029999732971191,624.6500244140625
2019-04-25,26.20474624633789,13.699999809265137,612.5
2019-04-26,26.652265548706055,13.140000343322754,607.0
2019-04-29,26.652265548706055,13.220000267028809,586.3499755859375
2019-04-30,28.69096565246582,13.529999732971191,600.0
2019-05-01,28.939587593078613,13.4399995803833,605.125
2019-05-02,29.188209533691406,13.619999885559082,610.25
2019-05-03,30.083248138427734,14.420000076293945,642.7999877929688
2019-05-06,30.083248138427734,14.6899995803833,659.2000122070312
2019-05-07,30.182697296142578,14.65999984741211,669.0
2019-05-08,30.481042861938477,14.9399995803833,679.0
2019-05-09,30.5307674407959,15.0,682.0
2019-05-10,30.282146453857422,14.630000114440918,659.7999877929688
2019-05-13,29.784902572631836,14.039999961853027,641.6500244140625
2019-05-14,29.138484954833984,14.550000190734863,657.75
2019-05-15,28.939586639404297,15.140000343322754,684.4000244140625
2019-05-16,29.784902572631836,15.510000228881836,704.3499755859375
2019-05-17,29.536279678344727,15.369999885559082,697.1500244140625
2019-05-20,29.685453414916992,15.350000381469727,699.0999755859375
2019-05-21,29.33738136291504,15.270000457763672,687.6500244140625
2019-05-22,28.591516494750977,15.3100004196167,685.0
2019-05-23,28.143997192382812,14.890000343322754,674.9500122070312
2019-05-24,27.795927047729492,15.40999984741211,691.4500122070312
2019-05-27,27.845651626586914,15.559999942779541,699.4000244140625
2019-05-28,27.49757957458496,15.710000038146973,698.4000244140625
2019-05-29,26.7517147064209,14.9399995803833,669.7999877929688
2019-05-30,26.254470825195312,14.869999885559082,669.9500122070312
2019-05-31,26.353919982910156,14.829999923706055,663.1500244140625
2019-06-03,25.80695152282715,14.970000267028809,670.25
2019-06-04,25.757226943969727,15.130000114440918,674.2000122070312
2019-06-05,25.707502365112305,15.0600004196167,675.3499755859375
2019-06-06,26.701990127563477,15.229999542236328,686.25
2019-06-07,28.889862060546875,15.640000343322754,700.75
2019-06-10,30.381593704223633,16.1299991607666,719.0
2019-06-11,32.81808853149414,16.75,740.5499877929688
2019-06-12,37.094383239746094,17.219999313354492,747.8499755859375
2019-06-13,37.04466247558594,17.139999389648438,746.2999877929688
2019-06-14,37.29328155517578,17.0,751.0499877929688
2019-06-17,37.367868423461914,17.280000686645508,760.1749877929688
2019-06-18,37.44245529174805,17.700000762939453,769.2999877929688
2019-06-19,36.14962387084961,17.649999618530273,763.0499877929688
2019-06-20,36.050174713134766,18.25,772.1499938964844
2019-06-21,35.95072555541992,18.219999313354492,781.25
2019-06-24,35.9010009765625,18.229999542236328,771.7000122070312
2019-06-25,35.85127639770508,18.149999618530273,770.0
2019-06-26,35.95072555541992,18.190000534057617,777.25
2019-06-27,36.84576416015625,18.299999237060547,787.0
2019-06-28,36.89548873901367,18.209999084472656,779.9500122070312
2019-07-01,36.000450134277344,18.5,784.0
2019-07-02,36.64686584472656,18.100000381469727,762.75
2019-07-03,36.14962387084961,18.25,771.5999755859375
2019-07-04,36.24906921386719,18.199999809265137,771.5999755859375
2019-07-05,36.59714126586914,18.149999618530273,761.0499877929688
2019-07-08,36.54741668701172,18.1299991607666,764.1666666666666
2019-07-09,36.4976921081543,18.15999984741211,767.2833455403646
2019-07-10,36.447967529296875,18.450000762939453,770.4000244140625
2019-07-11,35.60265350341797,18.43000030517578,772.6500244140625
2019-07-12,35.55292892456055,18.440000534057617,771.0499877929688
2019-07-15,33.81257629394531,18.09000015258789,764.0499877929688
2019-07-16,33.01698684692383,18.1200008392334,772.4000244140625
2019-07-17,32.271121978759766,17.959999084472656,765.7999877929688
2019-07-18,32.221397399902344,17.729999542236328,753.1500244140625
2019-07-19,31.87332534790039,17.290000915527344,734.7999877929688
2019-07-22,31.226909637451172,16.989999771118164,717.7999877929688
2019-07-23,32.32084655761719,16.780000686645508,717.4000244140625
2019-07-24,33.76285171508789,16.8700008392334,726.25
2019-07-25,34.011474609375,16.639999389648438,724.25
2019-07-26,36.696590423583984,16.809999465942383,732.7999877929688
2019-07-29,37.094383239746094,16.940000534057617,742.6500244140625
2019-07-30,36.945213317871094,16.700000762939453,735.4500122070312
2019-07-31,36.89548873901367,16.450000762939453,731.4500122070312
2019-08-01,36.447967529296875,16.020000457763672,721.3499755859375
2019-08-02,37.14411163330078,15.880000114440918,712.9500122070312
2019-08-05,36.14962387084961,15.479999542236328,707.7000122070312
2019-08-06,35.95072555541992,15.649999618530273,712.4000244140625
2019-08-07,35.254581451416016,15.850000381469727,723.5999755859375
2019-08-08,35.055686950683594,15.630000114440918,706.25
2019-08-09,35.35403060913086,16.68000030517578,760.0
2019-08-12,19.914613723754883,11.0,631.4500122070312
2019-08-13,22.351106643676758,11.350000381469727,663.0999755859375
2019-08-14,22.127347946166992,10.359999656677246,637.4500122070312
2019-08-15,23.32073211669922,10.520000457763672,623.1500244140625
2019-08-16,25.16053581237793,10.5600004196167,600.2000122070312
2019-08-19,24.377376556396484,9.779999732971191,568.5750122070312
2019-08-20,23.59421730041504,9.649999618530273,536.9500122070312
2019-08-21,23.693666458129883,10.0,556.0499877929688
2019-08-22,23.445043563842773,9.75,547.25
2019-08-23,22.351106643676758,9.619999885559082,535.1500244140625
2019-08-26,21.70469093322754,9.420000076293945,525.9000244140625
2019-08-27,20.18809700012207,8.920000076293945,513.5499877929688
2019-08-28,20.5610294342041,8.779999732971191,525.6500244140625
2019-08-29,19.964336395263672,8.899999618530273,525.5999755859375
2019-08-30,19.93947410583496,8.5600004196167,553.6500244140625
2019-09-02,20.585891723632812,8.345000267028809,594.3499755859375
2019-09-03,19.24333381652832,8.130000114440918,502.95001220703125
2019-09-04,21.008548736572266,8.470000267028809,526.75
2019-09-05,22.02789878845215,9.25,589.1500244140625
2019-09-06,22.003036499023438,9.260000228881836,608.2999877929688
2019-09-09,21.878725051879883,8.90999984741211,575.9000244140625
2019-09-10,21.903587341308594,8.960000038146973,599.75
2019-09-11,21.82900047302246,8.850000381469727,594.9500122070312
2019-09-12,21.80413818359375,8.6899995803833,597.7000122070312
2019-09-13,21.654966354370117,8.619999885559082,628.3499755859375
2019-09-16,21.903587341308594,8.970000267028809,630.2000122070312
2019-09-17,21.580379486083984,8.720000267028809,615.75
2019-09-18,21.630104064941406,8.800000190734863,616.4500122070312
2019-09-19,22.276521682739258,9.229999542236328,639.6500244140625
2019-09-20,22.07762336730957,9.180000305175781,635.1500244140625
2019-09-23,21.679828643798828,8.989999771118164,609.5499877929688
2019-09-24,21.257171630859375,8.920000076293945,586.5499877929688
2019-09-25,21.878725051879883,9.079999923706055,586.2000122070312
2019-09-26,21.978174209594727,9.100000381469727,580.9500122070312
2019-09-27,21.978174209594727,9.460000038146973,602.0999755859375
2019-09-30,22.177072525024414,9.25,592.4500122070312
2019-10-01,22.276521682739258,9.289999961853027,620.6500244140625
2019-10-02,22.525142669677734,9.449999809265137,636.7999877929688
2019-10-03,21.928449630737305,9.40999984741211,620.9000244140625
2019-10-04,21.903587341308594,9.630000114440918,650.0
2019-10-07,22.177072525024414,9.5,625.75
2019-10-08,21.928449630737305,9.279999732971191,623.2999877929688
2019-10-09,22.152210235595703,9.239999771118164,620.8499755859375
2019-10-10,22.02789878845215,9.5,649.9500122070312
2019-10-11,22.07762336730957,9.289999961853027,645.8499755859375
2019-10-14,22.02789878845215,9.130000114440918,642.8999938964844
2019-10-15,21.978174209594727,9.239999771118164,639.9500122070312
2019-10-16,21.878725051879883,9.100000381469727,627.4000244140625
2019-10-17,22.05276107788086,9.239999771118164,672.4500122070312
2019-10-18,21.978174209594727,9.119999885559082,672.4000244140625
2019-10-21,21.928449630737305,9.25,689.9000244140625
2019-10-22,21.207447052001953,9.069999694824219,709.8499755859375
2019-10-23,21.878725051879883,9.149999618530273,702.0499877929688
2019-10-24,21.878725051879883,9.3100004196167,734.9500122070312
2019-10-25,21.878725051879883,9.470000267028809,760.3499755859375
2019-10-28,20.784788131713867,9.020000457763672,729.9500122070312
2019-10-29,22.475418090820312,9.40999984741211,721.7000122070312
2019-10-30,24.663291931152344,9.479999542236328,745.5999755859375
2019-10-31,27.447856903076172,9.359999656677246,754.0499877929688
2019-11-01,28.3428955078125,9.479999542236328,764.0
2019-11-04,28.591516494750977,9.75,781.75
2019-11-05,28.790414810180664,9.84000015258789,779.4500122070312
2019-11-06,28.293170928955078,9.34000015258789,739.4500122070312
2019-11-07,28.740690231323242,9.5,752.8499755859375
2019-11-08,27.845651626586914,9.420000076293945,742.5
2019-11-11,28.0445499420166,9.319999694824219,715.9500122070312
2019-11-12,26.652265548706055,9.100000381469727,708.9000244140625
2019-11-13,25.956125259399414,8.960000038146973,688.0
2019-11-14,23.66880226135254,9.0,696.7000122070312
2019-11-15,24.837326049804688,9.239999771118164,708.7999877929688
2019-11-18,24.99893093109131,8.90999984741211,698.3249816894531
2019-11-19,25.16053581237793,8.979999542236328,687.8499755859375
2019-11-20,25.011362075805664,9.199999809265137,703.5499877929688
2019-11-21,24.364944458007812,9.1899995803833,692.75
2019-11-22,24.26549530029297,9.4399995803833,709.2000122070312
2019-11-25,24.8621883392334,9.520000457763672,712.9000244140625
2019-11-26,23.768251419067383,9.40999984741211,679.5499877929688
2019-11-27,24.8621883392334,9.680000305175781,709.4500122070312
2019-11-28,24.713014602661133,9.644999980926514,715.75
2019-11-29,25.309707641601562,9.609999656677246,721.75
2019-12-02,24.688152313232422,9.34000015258789,705.2000122070312
2019-12-03,25.80695152282715,9.09000015258789,682.5999755859375
2019-12-04,27.000337600708008,9.449999809265137,722.25
2019-12-05,27.050060272216797,9.329999923706055,735.0499877929688
2019-12-06,27.945100784301758,9.65999984741211,759.7000122070312
2019-12-09,26.950611114501953,10.15999984741211,787.3499755859375
2019-12-10,26.453367233276367,9.850000381469727,744.8499755859375
2019-12-11,26.7517147064209,9.770000457763672,750.5999755859375
2019-12-12,27.845651626586914,10.1899995803833,767.9500122070312
2019-12-13,28.591516494750977,10.369999885559082,764.2000122070312
2019-12-16,29.28765869140625,10.270000457763672,781.1500244140625
2019-12-17,28.889862060546875,10.289999961853027,765.0
2019-12-18,28.939586639404297,10.699999809265137,784.4000244140625
2019-12-19,29.73517608642578,10.65999984741211,790.0999755859375
2019-12-20,29.685453414916992,11.010000228881836,816.9000244140625
2019-12-23,30.232421875,11.319999694824219,829.0
2019-12-24,31.351219177246094,11.609999656677246,847.2250061035156
2019-12-25,,,
2019-12-26,32.47001647949219,11.850000381469727,865.4500122070312
2019-12-27,32.022499084472656,11.819999694824219,873.75
2019-12-30,31.972774505615234,11.5600004196167,857.2000122070312
2019-12-31,31.72415256500244,11.579999923706055,847.5249938964844
2020-01-01,,,
2020-01-02,31.47553062438965,11.260000228881836,837.8499755859375
2020-01-03,31.27663230895996,11.15999984741211,841.5999755859375
2020-01-06,30.82911491394043,11.140000343322754,860.7999877929688
2020-01-07,30.82911491394043,10.90999984741211,837.9000244140625
2020-01-08,29.73517608642578,10.979999542236328,843.2999877929688
2020-01-09,30.083248138427734,10.989999771118164,853.9500122070312
2020-01-10,30.232421875,10.65999984741211,858.0499877929688
2020-01-13,29.834625244140625,10.649999618530273,852.6500244140625
2020-01-14,29.088760375976562,10.640000343322754,852.8499755859375
2020-01-15,28.840139389038086,10.380000114440918,855.7999877929688
2020-01-16,29.536279678344727,10.350000381469727,860.2000122070312
2020-01-17,30.282146453857422,10.319999694824219,829.7999877929688
2020-01-20,30.282146453857422,10.069999694824219,853.25
2020-01-21,30.381593704223633,9.819999694824219,810.2000122070312
2020-01-22,30.132972717285156,9.949999809265137,825.4500122070312
2020-01-23,29.63572883605957,9.760000228881836,810.2000122070312
2020-01-24,29.138484954833984,9.65999984741211,796.4000244140625
2020-01-27,28.09427261352539,9.369999885559082,794.25
2020-01-28,29.188209533691406,9.420000076293945,795.5499877929688
2020-01-29,29.088760375976562,9.579999923706055,798.4000244140625
2020-01-30,27.39813232421875,9.609999656677246,806.0999755859375
2020-01-31,26.304195404052734,9.390000343322754,787.2000122070312
2020-02-03,26.55281639099121,9.680000305175781,815.6500244140625
2020-02-04,26.304195404052734,9.699999809265137,812.9500122070312
2020-02-05,26.055572509765625,9.850000381469727,825.9500122070312
2020-02-06,25.85667610168457,9.850000381469727,828.9000244140625
2020-02-07,26.80143928527832,9.859999656677246,818.5
2020-02-10,27.447856903076172,9.899999618530273,826.2000122070312
2020-02-11,27.09978485107422,9.5600004196167,795.2000122070312
2020-02-12,28.840139389038086,9.430000305175781,789.4000244140625
2020-02-13,28.541791915893555,9.210000038146973,766.5999755859375
2020-02-14,29.73517608642578,9.479999542236328,776.5499877929688
2020-02-17,30.431318283081055,9.479999542236328,785.2000122070312
2020-02-18,29.784902572631836,9.479999542236328,769.6500244140625
2020-02-19,29.33738136291504,9.649999618530273,773.75
2020-02-20,30.182697296142578,9.699999809265137,784.1500244140625
2020-02-21,30.33186912536621,9.59000015258789,767.5
2020-02-24,29.818051020304363,9.119999885559082,745.5166625976562
2020-02-25,29.304232915242512,8.5,723.5333251953125
2020-02-26,28.790414810180664,8.569999694824219,701.5499877929688
2020-02-27,27.895374298095703,8.199999809265137,679.2000122070312
2020-02-28,28.39261817932129,7.989999771118164,659.25
2020-03-02,29.63572883605957,8.039999961853027,664.9000244140625
2020-03-03,29.138484954833984,8.100000381469727,666.1500244140625
2020-03-04,29.436830520629883,8.239999771118164,669.0999755859375
2020-03-05,28.840139389038086,7.75,637.8499755859375
2020-03-06,28.591516494750977,7.300000190734863,604.0499877929688
2020-03-09,26.701990127563477,5.260000228881836,459.95001220703125
2020-03-10,28.0445499420166,6.079999923706055,517.0999755859375
2020-03-11,28.193721771240234,5.409999847412109,479.0
2020-03-12,27.248958587646484,4.650000095367432,419.70001220703125
2020-03-13,26.453367233276367,4.5,404.3500061035156
2020-03-16,25.707502365112305,3.819999933242798,353.0
2020-03-17,26.20474624633789,3.509999990463257,318.29998779296875
2020-03-18,23.39531898498535,2.569999933242798,235.60000610351562
2020-03-19,24.762739181518555,3.049999952316284,282.79998779296875
2020-03-20,23.867700576782227,3.5,319.1000061035156
2020-03-23,23.95057487487793,3.4000000953674316,338.7000020345052
2020-03-24,24.033449172973633,3.930000066757202,358.2999979654948
2020-03-25,24.116323471069336,4.230000019073486,377.8999938964844
2020-03-26,23.718528747558594,4.130000114440918,356.1499938964844
2020-03-27,24.190908432006836,3.8499999046325684,340.79998779296875
2020-03-30,23.37045669555664,4.039999961853027,345.5
2020-03-31,23.32073211669922,4.170000076293945,355.75
2020-04-01,23.271007537841797,4.070000171661377,366.0
2020-04-02,22.947799682617188,4.360000133514404,383.0
2020-04-03,22.574867248535156,4.360000133514404,388.3500061035156
2020-04-06,22.873212814331055,4.260000228881836,392.0
2020-04-07,22.873212814331055,4.130000114440918,378.45001220703125
2020-04-08,23.271007537841797,4.230000019073486,404.1000061035156
2020-04-09,24.215771675109863,4.199999809265137,405.1000061035156
2020-04-10,,,
2020-04-13,25.16053581237793,4.0,406.1000061035156
2020-04-14,26.20474624633789,4.0,432.54998779296875
2020-04-15,27.74620246887207,3.9600000381469727,437.04998779296875
2020-04-16,26.353919982910156,3.9000000953674316,400.6000061035156
2020-04-17,26.304195404052734,3.880000114440918,401.8500061035156
2020-04-20,27.547304153442383,3.7699999809265137,397.5
2020-04-21,28.541791915893555,3.450000047683716,381.1000061035156
2020-04-22,28.3428955078125,3.509999990463257,393.5
2020-04-23,28.0445499420166,3.509999990463257,396.75
2020-04-24,26.851163864135742,3.299999952316284,370.29998779296875
2020-04-27,27.050060272216797,3.299999952316284,377.0
2020-04-28,28.740690231323242,3.759999990463257,438.0
2020-04-29,28.492067337036133,4.059999942779541,451.6499938964844
2020-04-30,27.845651626586914,3.8399999141693115,433.5
2020-05-01,27.42299461364746,3.5399999618530273,426.5500030517578
2020-05-04,27.000337600708008,3.7100000381469727,419.6000061035156
2020-05-05,27.348407745361328,3.6600000858306885,440.3500061035156
2020-05-06,28.143997192382812,3.609999895095825,439.79998779296875
2020-05-07,28.98931121826172,3.8499999046325684,464.29998779296875
2020-05-08,29.33738136291504,4.050000190734863,477.45001220703125
2020-05-11,30.232421875,4.110000133514404,490.0
2020-05-12,31.27663230895996,4.269999980926514,519.6500244140625
2020-05-13,31.226909637451172,3.819999933242798,486.8500061035156
2020-05-14,34.309818267822266,4.070000171661377,510.20001220703125
2020-05-15,36.24906921386719,4.139999866485596,510.95001220703125
2020-05-18,37.3430061340332,4.340000152587891,527.25
2020-05-19,38.884464263916016,4.389999866485596,522.2000122070312
2020-05-20,39.6800537109375,4.389999866485596,533.2999877929688
2020-05-21,39.18280792236328,4.619999885559082,551.5
2020-05-22,39.63032913208008,4.71999979019165,548.5999755859375
2020-05-25,,,
2020-05-26,38.884464263916016,4.929999828338623,571.5999755859375
2020-05-27,38.68556594848633,5.289999961853027,589.9000244140625
2020-05-28,38.43694305419922,4.909999847412109,567.75
2020-05-29,37.939701080322266,5.039999961853027,561.4000244140625
2020-06-01,38.53639221191406,5.090000152587891,590.2000122070312
2020-06-02,39.38170623779297,5.429999828338623,626.5999755859375
2020-06-03,40.227020263671875,5.71999979019165,664.5999755859375
2020-06-04,39.38170623779297,5.78000020980835,668.75
2020-06-05,39.829227447509766,5.739999771118164,675.5999755859375
2020-06-08,39.92867660522461,6.570000171661377,753.0499877929688
2020-06-09,38.635841369628906,6.440000057220459,739.5999755859375
2020-06-10,39.2325325012207,6.269999980926514,725.2000122070312
2020-06-11,37.691078186035156,5.699999809265137,667.75
2020-06-12,38.53639221191406,6.059999942779541,669.7000122070312
2020-06-15,38.71042823791504,5.789999961853027,662.7749938964844
2020-06-16,38.884464263916016,5.800000190734863,655.8499755859375
2020-06-17,38.78501510620117,5.739999771118164,623.0999755859375
2020-06-18,37.14411163330078,5.349999904632568,582.7000122070312
2020-06-19,38.586116790771484,5.570000171661377,621.8499755859375
2020-06-22,38.337493896484375,5.380000114440918,608.6500244140625
2020-06-23,39.033634185791016,5.559999942779541,611.0999755859375
2020-06-24,38.98391342163086,5.460000038146973,597.9000244140625
2020-06-25,39.6800537109375,5.769999980926514,618.4500122070312
2020-06-26,39.033634185791016,5.699999809265137,608.8499755859375
2020-06-29,38.78501510620117,5.849999904632568,615.2999877929688
2020-06-30,37.74080276489258,5.75,602.0999755859375
2020-07-01,38.08887481689453,5.809999942779541,623.0499877929688
2020-07-02,38.039146423339844,5.800000190734863,633.2000122070312
2020-07-03,37.3430061340332,6.019999980926514,627.9000244140625
2020-07-06,40.2767448425293,6.239999771118164,671.75
2020-07-07,41.1220588684082,6.019999980926514,664.0
2020-07-08,41.569580078125,6.199999809265137,669.9000244140625
2020-07-09,41.71875254313151,6.190000057220459,673.5666910807291
2020-07-10,41.86792500813802,6.300000190734863,677.2333577473959
2020-07-13,42.01709747314453,6.199999809265137,680.9000244140625
2020-07-14,42.762962341308594,6.329999923706055,708.8499755859375
2020-07-15,43.061309814453125,6.510000228881836,727.0
2020-07-16,42.96186065673828,6.519999980926514,739.25
2020-07-17,43.757450103759766,6.409999847412109,745.6500244140625
2020-07-20,44.40386962890625,6.409999847412109,754.0
2020-07-21,44.254695892333984,6.489999771118164,758.9500122070312
2020-07-22,46.54201889038086,6.639999866485596,769.0999755859375
2020-07-23,46.840362548828125,6.809999942779541,773.1500244140625
2020-07-24,45.14973449707031,6.659999847412109,766.9000244140625
2020-07-27,44.553043365478516,6.639999866485596,772.8499755859375
2020-07-28,45.9453239440918,6.480000019073486,767.7000122070312
2020-07-29,46.29339599609375,6.46999979019165,754.9500122070312
2020-07-30,46.74091339111328,6.329999923706055,772.0
2020-07-31,47.43705749511719,6.230000019073486,760.25
2020-08-03,50.619415283203125,6.659999847412109,815.4000244140625
2020-08-04,53.006187438964844,6.809999942779541,826.7999877929688
2020-08-05,54.49791717529297,6.71999979019165,816.0499877929688
2020-08-06,52.35976791381836,6.5,797.2999877929688
2020-08-07,52.95646286010742,6.440000057220459,808.7000122070312
2020-08-10,53.155357360839844,6.239999771118164,797.8499755859375
2020-08-11,52.508941650390625,5.900000095367432,757.0999755859375
2020-08-12,50.51996612548828,5.570000171661377,716.5499877929688
2020-08-13,51.166385650634766,5.659999847412109,726.9000244140625
2020-08-14,49.32658386230469,5.71999979019165,723.8499755859375
2020-08-17,48.53099250793457,5.440000057220459,714.3499755859375
2020-08-18,47.73540115356445,5.440000057220459,704.8499755859375
2020-08-19,48.332096099853516,5.46999979019165,721.2000122070312
2020-08-20,48.033748626708984,5.46999979019165,728.1500244140625
2020-08-21,49.32658386230469,5.349999904632568,715.2000122070312
2020-08-24,49.227134704589844,5.400000095367432,715.7000122070312
2020-08-25,51.26583480834961,5.550000190734863,717.2999877929688
2020-08-26,54.3487434387207,5.559999942779541,699.25
2020-08-27,55.641578674316406,5.380000114440918,674.9000244140625
2020-08-28,55.04488754272461,5.710000038146973,711.1500244140625
2020-08-31,55.641578674316406,5.579999923706055,723.5999755859375
2020-09-01,55.3929557800293,5.639999866485596,720.2000122070312
2020-09-02,52.4592170715332,5.539999961853027,692.2999877929688
2020-09-03,52.807289123535156,5.519999980926514,676.9000244140625
2020-09-04,55.094608306884766,5.420000076293945,672.25
2020-09-07,57.03385925292969,5.430000066757202,677.1500244140625
2020-09-08,59.56980514526367,5.440000057220459,664.2000122070312
2020-09-09,61.35988235473633,5.409999847412109,681.9000244140625
2020-09-10,61.45933151245117,5.159999847412109,669.2000122070312
2020-09-11,58.97311019897461,5.170000076293945,668.1500244140625
2020-09-14,56.73551559448242,5.059999942779541,649.4000244140625
2020-09-15,57.33220672607422,5.119999885559082,654.4000244140625
2020-09-16,53.40398025512695,4.849999904632568,613.8499755859375
2020-09-17,48.431541442871094,4.550000190734863,580.25
2020-09-18,49.32658386230469,4.460000038146973,596.75
2020-09-21,47.68567657470703,4.130000114440918,572.6500244140625
2020-09-22,48.729888916015625,3.880000114440918,559.4500122070312
2020-09-23,50.370792388916016,3.6600000858306885,549.0999755859375
2020-09-24,52.061424255371094,3.8399999141693115,551.0499877929688
2020-09-25,52.60839080810547,3.680000066757202,541.0999755859375
2020-09-28,52.4592170715332,3.7200000286102295,545.5999755859375
2020-09-29,52.35976791381836,3.609999895095825,539.7000122070312
2020-09-30,49.82382583618164,3.569999933242798,516.7000122070312
2020-10-01,52.111148834228516,3.6500000953674316,549.5999755859375
2020-10-02,52.26032257080078,3.630000114440918,560.0
2020-10-05,53.60287857055664,3.7300000190734863,579.0
2020-10-06,52.55866622924805,3.569999933242798,561.0
2020-10-07,52.70783996582031,3.6600000858306885,567.5999755859375
2020-10-08,52.65811538696289,3.809999942779541,586.4500122070312
2020-10-09,53.30453109741211,3.869999885559082,610.5999755859375
2020-10-12,52.95646095275879,3.7899999618530273,602.5749816894531
2020-10-13,52.60839080810547,3.75,594.5499877929688
2020-10-14,52.90673828125,3.75,611.4500122070312
2020-10-15,53.30453109741211,3.569999933242798,617.0499877929688
2020-10-16,52.40949249267578,3.559999942779541,607.0
2020-10-19,52.757564544677734,3.5899999141693115,589.9500122070312
2020-10-20,53.752052307128906,3.4600000381469727,597.4500122070312
2020-10-21,54.49791717529297,3.3399999141693115,586.5499877929688
2020-10-22,53.65260314941406,3.450000047683716,622.6500244140625
2020-10-23,55.343231201171875,3.609999895095825,640.5
2020-10-26,52.70783996582031,3.609999895095825,594.9500122070312
2020-10-27,52.807289123535156,3.319999933242798,562.0499877929688
2020-10-28,49.674652099609375,3.0999999046325684,511.0
2020-10-29,51.6139030456543,3.259999990463257,515.0499877929688
2020-10-30,52.111148834228516,3.2200000286102295,510.3999938964844
2020-11-02,54.19956970214844,3.319999933242798,521.4500122070312
2020-11-03,55.44268035888672,3.5199999809265137,545.2999877929688
2020-11-04,52.90673828125,3.5,534.4500122070312
2020-11-05,55.343231201171875,3.740000009536743,570.7000122070312
2020-11-06,54.647090911865234,3.7300000190734863,555.4000244140625
2020-11-09,55.19405746459961,4.139999866485596,608.75
2020-11-10,57.38193130493164,4.75,703.4000244140625
2020-11-11,59.56980514526367,4.579999923706055,670.1500244140625
2020-11-12,57.92890167236328,4.320000171661377,648.8499755859375
2020-11-13,57.63055419921875,4.570000171661377,673.8499755859375
2020-11-16,59.52008056640625,4.690000057220459,701.0499877929688
2020-11-17,61.260433197021484,4.920000076293945,718.0999755859375
2020-11-18,61.21070861816406,4.739999771118164,725.7000122070312
2020-11-19,59.669254302978516,4.78000020980835,708.9500122070312
2020-11-20,59.669254302978516,4.760000228881836,727.4500122070312
2020-11-23,60.19136047363281,5.0,765.5
2020-11-24,60.71346664428711,5.329999923706055,803.5499877929688
2020-11-25,60.66373825073242,5.190000057220459,771.5
2020-11-26,60.0173225402832,5.295000076293945,779.8499755859375
2020-11-27,60.46484375,5.400000095367432,812.6500244140625
2020-11-30,60.315670013427734,5.03000020980835,765.4000244140625
2020-12-01,60.16649627685547,5.269999980926514,788.4000244140625
2020-12-02,60.365394592285156,5.340000152587891,781.0
2020-12-03,60.564292907714844,5.130000114440918,760.0499877929688
2020-12-04,60.71346664428711,5.289999961853027,781.4500122070312
2020-12-07,60.166497548421226,5.25,765.3333333333334
2020-12-08,59.619528452555336,5.159999847412109,749.2166544596354
2020-12-09,59.07255935668945,5.139999866485596,733.0999755859375
2020-12-10,60.16649627685547,5.539999961853027,776.9500122070312
2020-12-11,60.0173225402832,5.449999809265137,774.8499755859375
2020-12-14,59.27145767211914,5.389999866485596,779.5999755859375
2020-12-15,60.0173225402832,5.510000228881836,771.6500244140625
2020-12-16,59.76870346069336,5.480000019073486,778.7999877929688
2020-12-17,60.21622085571289,5.480000019073486,771.5999755859375
2020-12-18,60.763187408447266,5.389999866485596,762.5499877929688
2020-12-21,59.669254302978516,5.190000057220459,720.5499877929688
2020-12-22,60.614017486572266,5.010000228881836,706.3499755859375
2020-12-23,62.05602264404297,5.039999961853027,738.8499755859375
2020-12-24,61.359880447387695,4.940000057220459,722.0999755859375
2020-12-25,,,
2020-12-28,60.66373825073242,4.909999847412109,705.3499755859375
2020-12-29,61.21070861816406,4.929999828338623,706.5
2020-12-30,61.260433197021484,4.900000095367432,693.8499755859375
2020-12-31,60.48970603942871,4.699999809265137,685.0499877929688
2021-01-01,,,
2021-01-04,59.71897888183594,4.519999980926514,676.25
2021-01-05,59.52008056640625,4.619999885559082,690.2999877929688
2021-01-06,60.0173225402832,4.650000095367432,694.2999877929688
2021-01-07,59.96759796142578,4.78000020980835,723.2000122070312
2021-01-08,59.91787338256836,4.690000057220459,689.7000122070312
2021-01-11,59.669254302978516,4.420000076293945,667.5499877929688
2021-01-12,60.26594543457031,4.179999828338623,640.3499755859375
2021-01-13,60.11677169799805,4.090000152587891,628.9000244140625
2021-01-14,60.365394592285156,4.150000095367432,639.7999877929688
2021-01-15,59.32118225097656,3.9600000381469727,615.4000244140625
2021-01-18,58.92338562011719,3.950000047683716,619.4500122070312
2021-01-19,59.1720085144043,3.940000057220459,608.7000122070312
2021-01-20,59.56980514526367,3.680000066757202,569.0999755859375
2021-01-21,57.77972412109375,3.25,520.0499877929688
2021-01-22,58.27696990966797,3.490000009536743,560.4000244140625
2021-01-25,59.02283477783203,3.450000047683716,532.6500244140625
2021-01-26,59.76870346069336,3.740000009536743,587.4500122070312
2021-01-27,59.669254302978516,4.050000190734863,626.5999755859375
2021-01-28,59.669254302978516,3.9800000190734863,612.5
2021-01-29,59.22173309326172,3.6500000953674316,588.25
2021-02-01,59.76870346069336,4.010000228881836,626.1500244140625
2021-02-02,59.669254302978516,3.9100000858306885,618.75
2021-02-03,60.26594543457031,4.300000190734863,646.9000244140625
2021-02-04,59.669254302978516,4.300000190734863,655.0499877929688
2021-02-05,60.16649627685547,4.210000038146973,641.5
2021-02-08,60.46484375,4.510000228881836,688.7999877929688
2021-02-09,60.0173225402832,4.679999828338623,700.7999877929688
2021-02-10,59.22173309326172,4.519999980926514,689.0
2021-02-11,60.11677169799805,4.599999904632568,676.8499755859375
2021-02-12,61.310157775878906,4.639999866485596,684.9500122070312
2021-02-15,,,
2021-02-16,61.583641052246094,4.739999771118164,696.8000183105469
2021-02-17,61.85712432861328,4.800000190734863,708.6500244140625
2021-02-18,61.75767517089844,4.630000114440918,672.4000244140625
2021-02-19,61.956573486328125,4.400000095367432,640.7000122070312
2021-02-22,61.956573486328125,4.110000133514404,613.25
2021-02-23,60.26594543457031,4.099999904632568,592.5499877929688
2021-02-24,61.558780670166016,4.460000038146973,635.2000122070312
2021-02-25,62.254920959472656,4.28000020980835,646.4000244140625
2021-02-26,61.310157775878906,4.329999923706055,639.0499877929688
2021-03-01,62.602989196777344,4.159999847412109,642.0499877929688
2021-03-02,64.14444732666016,3.9600000381469727,611.5499877929688
2021-03-03,64.19416809082031,3.990000009536743,610.7000122070312
2021-03-04,64.19416809082031,4.190000057220459,646.1500244140625
2021-03-05,63.199684143066406,4.25,637.2999877929688
2021-03-08,62.55326843261719,3.950000047683716,609.25
2021-03-09,64.79086303710938,4.079999923706055,609.9500122070312
2021-03-10,64.54224395751953,4.309999942779541,644.7999877929688
2021-03-11,63.59748077392578,4.400000095367432,652.9000244140625
2021-03-12,62.503543853759766,4.409999847412109,656.4500122070312
2021-03-15,63.69692611694336,4.510000228881836,673.4000244140625
2021-03-16,63.74665069580078,4.389999866485596,651.9000244140625
2021-03-17,63.29913330078125,4.559999942779541,675.75
2021-03-18,62.254920959472656,4.349999904632568,650.9500122070312
2021-03-19,62.652713775634766,4.400000095367432,656.0999755859375
2021-03-22,62.70243835449219,4.389999866485596,647.7000122070312
2021-03-23,63.24940872192383,4.199999809265137,618.2999877929688
2021-03-24,62.528404235839844,4.099999904632568,609.6749877929688
2021-03-25,61.80739974975586,4.099999904632568,601.0499877929688
2021-03-26,62.205196380615234,4.119999885559082,596.0999755859375
2021-03-29,62.00629806518555,4.090000152587891,591.3499755859375
2021-03-30,62.652713775634766,4.119999885559082,597.4000244140625
2021-03-31,62.453819274902344,4.110000133514404,598.0999755859375
2021-04-01,62.453819274902344,4.239999771118164,602.1499938964844
2021-04-02,,,
2021-04-05,62.453819274902344,4.150000095367432,606.2000122070312
2021-04-06,62.9510612487793,4.380000114440918,646.5999755859375
2021-04-07,63.00078582763672,4.289999961853027,639.9500122070312
2021-04-08,62.602989196777344,4.179999828338623,625.5
2021-04-09,62.85161209106445,4.019999980926514,604.25
2021-04-12,62.55326843261719,3.9200000762939453,593.1500244140625
2021-04-13,62.75216293334961,3.930000066757202,588.4000244140625
2021-04-14,62.75216293334961,3.940000057220459,588.2000122070312
2021-04-15,62.55326843261719,3.8399999141693115,586.0
2021-04-16,62.55326843261719,3.9600000381469727,591.2999877929688
2021-04-19,62.55326843261719,3.9200000762939453,590.2999877929688
2021-04-20,62.652713775634766,3.799999952316284,573.5
2021-04-21,63.64720153808594,3.859999895095825,584.4000244140625
2021-04-22,63.64720153808594,3.759999990463257,573.5499877929688
2021-04-23,63.74665069580078,3.75,571.7000122070312
2021-04-26,63.74665069580078,3.7799999713897705,579.5
2021-04-27,63.64720153808594,3.880000114440918,594.2000122070312
2021-04-28,64.69141387939453,4.0,616.2999877929688
2021-04-29,64.0,3.990000009536743,620.2000122070312
2021-04-30,64.05000305175781,3.7799999713897705,590.0999755859375
2021-05-03,63.900001525878906,3.759999990463257,587.75
2021-05-04,64.69999694824219,3.680000066757202,581.75
2021-05-05,65.0,3.7899999618530273,603.0
2021-05-06,68.55000305175781,3.7699999809265137,595.2000122070312
2021-05-07,70.94999694824219,3.990000009536743,619.2000122070312
2021-05-10,72.44999694824219,4.070000171661377,633.0499877929688
2021-05-11,71.5999984741211,3.9000000953674316,611.3499755859375
2021-05-12,71.44999694824219,4.150000095367432,644.3499755859375
2021-05-13,69.5999984741211,4.199999809265137,664.5499877929688
2021-05-14,69.5999984741211,4.46999979019165,702.7999877929688
2021-05-17,68.3499984741211,4.690000057220459,741.4500122070312
2021-05-18,68.05000305175781,4.690000057220459,752.5
2021-05-19,68.55000305175781,4.550000190734863,735.9000244140625
2021-05-20,69.69999694824219,4.579999923706055,744.0999755859375
2021-05-21,70.4000015258789,4.5,734.25
2021-05-24,70.68333435058594,4.630000114440918,736.2333374023438
2021-05-25,70.96666717529297,4.510000228881836,738.2166748046875
2021-05-26,71.25,4.519999980926514,740.2000122070312
2021-05-27,76.1500015258789,4.559999942779541,746.5499877929688
2021-05-28,74.4000015258789,4.699999809265137,762.5999755859375
2021-05-31,73.6500015258789,4.789999961853027,749.9500122070312
2021-06-01,73.6500015258789,4.880000114440918,800.2999877929688
2021-06-02,75.30000305175781,4.949999809265137,816.5
2021-06-03,74.94999694824219,5.150000095367432,850.9500122070312
2021-06-04,75.8499984741211,5.400000095367432,888.25
2021-06-07,78.75,5.659999847412109,950.0499877929688
2021-06-08,76.30000305175781,5.510000228881836,909.0999755859375
2021-06-09,75.69999694824219,5.550000190734863,910.0999755859375
2021-06-10,74.4000015258789,5.71999979019165,932.1500244140625
2021-06-11,74.6500015258789,5.380000114440918,878.9500122070312
2021-06-14,74.8499984741211,5.460000038146973,891.1500244140625
2021-06-15,75.0,5.429999828338623,894.8499755859375
2021-06-16,75.3499984741211,5.5,899.8499755859375
2021-06-17,76.9000015258789,5.139999866485596,861.3499755859375
2021-06-18,76.8499984741211,5.050000190734863,847.9500122070312
2021-06-21,76.7249984741211,5.039999961853027,861.125
2021-06-22,76.5999984741211,5.210000038146973,874.2999877929688
2021-06-23,75.94999694824219,5.050000190734863,857.6500244140625
2021-06-24,76.44999694824219,5.21999979019165,871.4000244140625
2021-06-25,73.55000305175781,4.889999866485596,831.6500244140625
2021-06-28,72.3499984741211,4.690000057220459,807.0
2021-06-29,72.4000015258789,4.550000190734863,783.1500244140625
2021-06-30,71.44999694824219,4.679999828338623,790.2999877929688
2021-07-01,71.5,4.590000152587891,800.0
2021-07-02,72.69999694824219,4.53000020980835,794.0499877929688
2021-07-05,73.5999984741211,4.43500018119812,797.3499755859375
2021-07-06,74.5,4.340000152587891,767.9000244140625
2021-07-07,74.5,4.329999923706055,767.9000244140625
2021-07-08,74.19999694824219,4.21999979019165,744.7999877929688
2021-07-09,74.57499694824219,4.320000171661377,766.7999877929688
2021-07-12,74.94999694824219,4.53000020980835,788.7999877929688
2021-07-13,75.4000015258789,4.550000190734863,793.5999755859375
2021-07-14,75.69999694824219,4.5,779.5
2021-07-15,75.0,4.340000152587891,764.4500122070312
2021-07-16,75.69999694824219,4.21999979019165,744.0
2021-07-19,76.75,4.099999904632568,736.7000122070312
2021-07-20,76.9000015258789,4.150000095367432,747.3499755859375
2021-07-21,77.44999694824219,4.389999866485596,785.5499877929688
2021-07-22,76.80000305175781,4.320000171661377,783.5999755859375
2021-07-23,76.5999984741211,4.239999771118164,765.4500122070312
2021-07-26,77.30000305175781,4.360000133514404,782.4000244140625
2021-07-27,77.30000305175781,4.21999979019165,771.7000122070312
2021-07-28,77.9000015258789,4.329999923706055,775.9000244140625
2021-07-29,78.0,4.380000114440918,802.4500122070312
2021-07-30,78.0,4.360000133514404,788.75
2021-08-02,78.5,4.269999980926514,778.4500122070312
2021-08-03,79.0,4.289999961853027,777.5499877929688
2021-08-04,79.0,4.190000057220459,756.9000244140625
2021-08-05,79.94999694824219,4.389999866485596,789.5999755859375
2021-08-06,80.0999984741211,4.429999828338623,786.75
2021-08-09,79.9000015258789,4.480000019073486,802.6500244140625
2021-08-10,80.30000305175781,4.739999771118164,844.25
2021-08-11,81.55000305175781,5.099999904632568,894.0
2021-08-12,79.80000305175781,5.039999961853027,873.0999755859375
2021-08-13,76.5,4.869999885559082,862.8499755859375
2021-08-16,76.75,4.800000190734863,850.7999877929688
2021-08-17,77.0,4.769999980926514,838.75
2021-08-18,76.55000305175781,4.599999904632568,809.9500122070312
2021-08-19,75.0999984741211,4.400000095367432,784.9500122070312
2021-08-20,73.8499984741211,4.409999847412109,802.3499755859375
2021-08-23,74.6500015258789,4.570000171661377,822.7999877929688
2021-08-24,75.25,4.840000152587891,861.5499877929688
2021-08-25,74.6500015258789,5.0,871.25
2021-08-26,74.75,4.909999847412109,861.2000122070312
2021-08-27,76.25,5.070000171661377,895.75
2021-08-30,79.0999984741211,5.199999809265137,907.6500244140625
2021-08-31,83.5,5.210000038146973,917.5
2021-09-01,82.05000305175781,5.039999961853027,885.8499755859375
2021-09-02,82.5999984741211,5.050000190734863,891.3499755859375
2021-09-03,82.05000305175781,4.940000057220459,872.4500122070312
2021-09-06,81.94999694824219,5.130000114440918,872.2000122070312
2021-09-07,82.05000305175781,5.320000171661377,938.6500244140625
2021-09-08,81.0999984741211,5.199999809265137,917.7000122070312
2021-09-09,81.94999694824219,5.260000228881836,941.1500244140625
2021-09-10,79.3499984741211,5.150000095367432,927.5999755859375
2021-09-13,83.8499984741211,5.420000076293945,971.0499877929688
2021-09-14,84.0,5.349999904632568,947.0
2021-09-15,83.94999694824219,5.349999904632568,952.2999877929688
2021-09-16,85.0,5.349999904632568,961.0499877929688
2021-09-17,82.75,5.179999828338623,932.1500244140625
2021-09-20,80.44999694824219,4.860000133514404,881.2000122070312
2021-09-21,79.3499984741211,4.699999809265137,873.25
2021-09-22,80.8499984741211,4.659999847412109,869.9500122070312
2021-09-23,81.55000305175781,4.630000114440918,865.0499877929688
2021-09-24,81.9000015258789,4.53000020980835,864.0999755859375
2021-09-27,81.69999694824219,4.550000190734863,898.0499877929688
2021-09-28,81.69999694824219,4.579999923706055,906.2000122070312
2021-09-29,81.05000305175781,4.53000020980835,894.4500122070312
2021-09-30,80.25,4.659999847412109,913.5999755859375
2021-10-01,80.0,4.670000076293945,912.6500244140625
2021-10-04,80.19999694824219,4.71999979019165,922.0499877929688
2021-10-05,79.8499984741211,4.900000095367432,947.4500122070312
2021-10-06,79.4000015258789,4.809999942779541,928.75
2021-10-07,78.6500015258789,4.800000190734863,936.4500122070312
2021-10-08,78.6500015258789,4.820000171661377,923.7833455403646
2021-10-11,78.6500015258789,4.769999980926514,911.1166788736979
2021-10-12,78.6500015258789,4.590000152587891,898.4500122070312
2021-10-13,78.6500015258789,4.610000133514404,895.0999755859375
2021-10-14,78.5,4.539999961853027,890.4500122070312
2021-10-15,79.75,4.579999923706055,903.7999877929688
2021-10-18,80.30000305175781,4.53000020980835,894.7000122070312
2021-10-19,80.44999694824219,4.519999980926514,903.4000244140625
2021-10-20,81.0,4.739999771118164,940.2999877929688
2021-10-21,80.25,4.590000152587891,921.3499755859375
2021-10-22,79.19999694824219,4.46999979019165,905.0999755859375
2021-10-25,81.0999984741211,4.659999847412109,942.5999755859375
2021-10-26,81.9000015258789,4.639999866485596,944.5
2021-10-27,80.69999694824219,4.489999771118164,922.4500122070312
2021-10-28,81.5,4.389999866485596,906.0999755859375
2021-10-29,77.0,4.199999809265137,882.1500244140625
2021-11-01,79.8499984741211,4.349999904632568,936.0499877929688
2021-11-02,82.94999694824219,4.170000076293945,917.5999755859375
2021-11-03,82.94999694824219,4.28000020980835,932.5499877929688
2021-11-04,83.0,4.110000133514404,907.25
2021-11-05,82.5999984741211,4.190000057220459,919.0
2021-11-08,86.0999984741211,4.340000152587891,949.9500122070312
2021-11-09,85.05000305175781,4.559999942779541,962.75
2021-11-10,84.80000305175781,4.400000095367432,952.8499755859375
2021-11-11,87.9000015258789,4.300000190734863,934.6500244140625
2021-11-12,86.5,4.300000190734863,948.0
2021-11-15,86.8499984741211,4.25,909.75
2021-11-16,86.6500015258789,4.019999980926514,871.25
2021-11-17,85.9000015258789,3.9700000286102295,849.3499755859375
2021-11-18,89.5999984741211,4.099999904632568,887.5
2021-11-19,85.8499984741211,3.869999885559082,842.25
2021-11-22,87.0999984741211,3.759999990463257,835.2250061035156
2021-11-23,88.3499984741211,3.7799999713897705,828.2000122070312
2021-11-24,87.8499984741211,3.6500000953674316,810.7000122070312
2021-11-25,90.5,3.540000081062317,823.0999755859375
2021-11-26,90.94999694824219,3.430000066757202,758.7000122070312
2021-11-29,89.05000305175781,3.390000104904175,737.5499877929688
2021-11-30,89.94999694824219,3.5799999237060547,760.25
2021-12-01,97.6500015258789,3.6700000762939453,824.75
2021-12-02,109.55000305175781,3.9600000381469727,884.8499755859375
2021-12-03,105.1500015258789,3.819999933242798,862.0
2021-12-06,104.5999984741211,3.990000009536743,901.0999755859375
2021-12-07,104.44999694824219,4.190000057220459,918.1500244140625
2021-12-08,102.5,4.170000076293945,894.6750183105469
2021-12-09,100.55000305175781,4.070000171661377,871.2000122070312
2021-12-10,103.19999694824219,3.990000009536743,849.75
2021-12-13,101.05000305175781,3.880000114440918,804.75
2021-12-14,101.0999984741211,3.809999942779541,800.9500122070312
2021-12-15,100.0,3.819999933242798,775.9500122070312
2021-12-16,102.05000305175781,3.9100000858306885,803.9500122070312
2021-12-17,103.75,3.809999942779541,802.3499755859375
2021-12-20,103.0,3.75,788.2000122070312
2021-12-21,108.8499984741211,3.8399999141693115,818.4000244140625
2021-12-22,104.1500015258789,3.890000104904175,815.2000122070312
2021-12-23,107.4000015258789,3.9200000762939453,817.25
2021-12-24,,,
2021-12-27,105.5,4.070000171661377,819.0999755859375
2021-12-28,102.0999984741211,4.070000171661377,801.5999755859375
2021-12-29,102.8499984741211,3.990000009536743,806.2000122070312
2021-12-30,104.0,3.9100000858306885,778.4500122070312
2021-12-31,105.29999923706055,3.819999933242798,804.625
2022-01-03,106.5999984741211,4.039999961853027,830.7999877929688
2022-01-04,106.1500015258789,4.159999847412109,843.9000244140625
2022-01-05,108.05000305175781,3.990000009536743,828.4000244140625
2022-01-06,106.9000015258789,3.950000047683716,829.0
2022-01-07,106.75,4.03000020980835,834.4000244140625
2022-01-10,105.0999984741211,3.9100000858306885,821.5999755859375
2022-01-11,105.94999694824219,4.090000152587891,849.1500244140625
2022-01-12,106.9000015258789,4.150000095367432,853.2999877929688
2022-01-13,106.3499984741211,4.199999809265137,879.3499755859375
2022-01-14,106.9000015258789,4.360000133514404,897.4000244140625
2022-01-17,106.0999984741211,4.265000104904175,886.0999755859375
2022-01-18,106.8499984741211,4.170000076293945,880.2999877929688
2022-01-19,106.9000015258789,4.090000152587891,866.2999877929688
2022-01-20,106.8499984741211,3.9800000190734863,877.3499755859375
2022-01-21,106.44999694824219,3.8299999237060547,851.6500244140625
2022-01-24,105.9000015258789,3.7699999809265137,826.2000122070312
2022-01-25,107.4000015258789,3.930000066757202,889.5999755859375
2022-01-26,108.9000015258789,3.950000047683716,901.0999755859375
2022-01-27,107.5,3.9700000286102295,910.0
2022-01-28,112.5,4.25,945.8499755859375
2022-01-31,119.80000305175781,4.320000171661377,961.75
2022-02-01,119.19999694824219,4.369999885559082,971.0
2022-02-02,114.55000305175781,4.309999942779541,947.0499877929688
2022-02-03,111.75,4.159999847412109,905.0999755859375
2022-02-04,111.5999984741211,4.099999904632568,897.9500122070312
2022-02-07,114.30000305175781,4.130000114440918,902.3499755859375
2022-02-08,117.69999694824219,4.050000190734863,881.25
2022-02-09,119.25,4.070000171661377,885.2000122070312
2022-02-10,118.0999984741211,4.110000133514404,880.5
2022-02-11,119.5,4.190000057220459,892.2999877929688
2022-02-14,117.30000305175781,4.090000152587891,889.2000122070312
2022-02-15,117.19999694824219,4.139999866485596,881.2000122070312
2022-02-16,119.19999694824219,4.389999866485596,934.4500122070312
2022-02-17,120.1500015258789,4.320000171661377,920.75
2022-02-18,118.9000015258789,4.289999961853027,899.5999755859375
2022-02-21,116.55000305175781,4.375,920.3499755859375
2022-02-22,116.8499984741211,4.460000038146973,911.5
2022-02-23,116.5,4.440000057220459,921.0999755859375
2022-02-24,113.5,4.309999942779541,887.3499755859375
2022-02-25,116.44999694824219,4.380000114440918,879.0
2022-02-28,117.58333079020183,4.199999809265137,905.1500040690104
2022-03-01,118.71666463216145,4.349999904632568,931.3000081380209
2022-03-02,119.8499984741211,4.679999828338623,957.4500122070312
2022-03-03,116.94999694824219,4.550000190734863,932.2999877929688
2022-03-04,113.0,4.340000152587891,881.2999877929688
2022-03-07,111.4000015258789,4.079999923706055,852.4000244140625
2022-03-08,108.0999984741211,4.380000114440918,887.7000122070312
2022-03-09,106.69999694824219,4.650000095367432,899.75
2022-03-10,118.9000015258789,4.820000171661377,935.0999755859375
2022-03-11,119.75,4.659999847412109,910.7999877929688
2022-03-14,118.0,4.5,855.5999755859375
2022-03-15,119.9000015258789,4.340000152587891,833.6500244140625
2022-03-16,120.0999984741211,4.309999942779541,850.0
2022-03-17,127.0999984741211,4.480000019073486,878.8499755859375
2022-03-18,123.0,4.380000114440918,849.7999877929688
2022-03-21,124.5999984741211,4.570000171661377,889.9000244140625
2022-03-22,123.0999984741211,4.53000020980835,899.8499755859375
2022-03-23,121.9000015258789,4.650000095367432,924.7000122070312
2022-03-24,125.25000381469727,4.789999961853027,936.125
2022-03-25,128.60000610351562,4.789999961853027,947.5499877929688
2022-03-28,126.80000305175781,4.760000228881836,931.7000122070312
2022-03-29,123.80000305175781,4.809999942779541,915.8499755859375
2022-03-30,124.55000305175781,4.880000114440918,937.5499877929688
2022-03-31,123.19999694824219,4.829999923706055,922.75
2022-04-01,122.30000305175781,5.050000190734863,948.7000122070312
2022-04-04,121.8499984741211,5.309999942779541,1001.7999877929688
2022-04-05,122.5999984741211,5.190000057220459,976.5
2022-04-06,123.05000305175781,5.070000171661377,953.1500244140625
2022-04-07,126.6500015258789,5.130000114440918,974.6500244140625
2022-04-08,124.05000305175781,5.139999866485596,983.2000122070312
2022-04-11,122.94999694824219,5.03000020980835,957.9000244140625
2022-04-12,123.1500015258789,5.070000171661377,967.3499755859375
2022-04-13,122.6500015258789,5.139999866485596,973.1500244140625
2022-04-14,122.32500076293945,5.179999828338623,977.1750183105469
2022-04-15,,,
2022-04-18,122.0,5.230000019073486,981.2000122070312
2022-04-19,123.4000015258789,5.139999866485596,977.9000244140625
2022-04-20,123.69999694824219,5.070000171661377,982.5999755859375
2022-04-21,122.25,4.769999980926514,967.75
2022-04-22,125.69999694824219,4.639999866485596,962.5499877929688
2022-04-25,122.0999984741211,4.46999979019165,940.3499755859375
2022-04-26,122.0,4.150000095367432,899.5
2022-04-27,120.30000305175781,4.190000057220459,893.5
2022-04-28,122.94999694824219,4.329999923706055,908.8499755859375
2022-04-29,120.19999694824219,4.239999771118164,881.3499755859375
2022-05-02,120.5999984741211,4.139999866485596,878.0
2022-05-03,120.30000305175781,4.260000228881836,893.6500244140625
2022-05-04,122.5999984741211,4.400000095367432,903.9500122070312
2022-05-05,120.0,4.139999866485596,862.4500122070312
2022-05-06,122.0,4.119999885559082,870.3499755859375
2022-05-09,117.44999694824219,3.880000114440918,814.2999877929688
2022-05-10,117.9000015258789,3.9200000762939453,828.25
2022-05-11,120.0999984741211,4.059999942779541,854.6500244140625
2022-05-12,119.25,4.039999961853027,850.8499755859375
2022-05-13,120.6500015258789,4.25,906.7999877929688
2022-05-16,119.55000305175781,4.420000076293945,928.9500122070312
2022-05-17,120.0999984741211,4.489999771118164,936.5
2022-05-18,119.67499923706055,4.260000228881836,924.5750122070312
2022-05-19,119.25,4.369999885559082,912.6500244140625
2022-05-20,120.05000305175781,4.340000152587891,908.9000244140625
2022-05-23,121.44999694824219,4.5,939.9500122070312
2022-05-24,121.69999694824219,4.429999828338623,932.0999755859375
2022-05-25,122.75,4.5,947.0249938964844
2022-05-26,123.80000305175781,4.539999961853027,961.9500122070312
2022-05-27,124.9000015258789,4.659999847412109,977.5499877929688
2022-05-30,123.0,4.579999923706055,972.5
2022-05-31,121.94999694824219,4.5,945.8499755859375
2022-06-01,123.1500015258789,4.400000095367432,918.9000244140625
2022-06-02,124.94999694824219,4.369999885559082,902.5999755859375
2022-06-03,125.75,4.440000057220459,921.25
2022-06-06,124.8499984741211,4.360000133514404,907.9500122070312
2022-06-07,124.69999694824219,4.380000114440918,912.5
2022-06-08,123.80000305175781,4.389999866485596,912.9000244140625
2022-06-09,122.5999984741211,4.139999866485596,904.6500244140625
2022-06-10,122.30000305175781,4.050000190734863,915.7000122070312
2022-06-13,118.5,3.880000114440918,920.9000244140625
2022-06-14,118.4000015258789,3.7200000286102295,899.5
2022-06-15,120.0999984741211,3.75,894.4000244140625
2022-06-16,122.5,3.5199999809265137,870.5499877929688
2022-06-17,123.25,3.4200000762939453,865.6499938964844
2022-06-20,,,
2022-06-21,124.0,3.5399999618530273,860.75
2022-06-22,123.69999694824219,3.4700000286102295,842.0499877929688
2022-06-23,123.05000305175781,3.2300000190734863,782.4000244140625
2022-06-24,122.0,3.2200000286102295,784.0499877929688
2022-06-27,121.5999984741211,3.380000114440918,836.5
2022-06-28,123.55000305175781,3.430000066757202,871.0499877929688
2022-06-29,122.3499984741211,3.3399999141693115,850.2000122070312
2022-06-30,124.55000305175781,3.259999990463257,836.5999755859375
2022-07-01,125.30000305175781,3.319999933242798,846.0
2022-07-04,131.14999389648438,3.225000023841858,832.9500122070312
2022-07-05,133.75,3.130000114440918,867.1500244140625
2022-07-06,145.85000610351562,3.0899999141693115,877.0
2022-07-07,174.0,3.119999885559082,926.5
2022-07-08,185.25,3.1700000762939453,945.7000122070312
2022-07-11,177.75,3.049999952316284,928.0499877929688
2022-07-12,169.75,3.0,891.4500122070312
2022-07-13,161.25,3.009999990463257,896.3499755859375
2022-07-14,167.5,2.930000066757202,885.0999755859375
2022-07-15,178.0,2.9700000286102295,906.0
2022-07-18,174.75,2.990000009536743,929.9000244140625
2022-07-19,176.5,3.059999942779541,944.9500122070312
2022-07-20,175.5,2.990000009536743,941.1500244140625
2022-07-21,183.25,2.9100000858306885,996.6500244140625
2022-07-22,196.75,2.9100000858306885,969.9500122070312
2022-07-25,204.5,3.140000104904175,1048.3499755859375
2022-07-26,205.5,3.200000047683716,1079.050048828125
2022-07-27,222.0,3.3499999046325684,1127.449951171875
2022-07-28,218.5,3.4800000190734863,1110.449951171875
2022-07-29,210.25,3.7100000381469727,1092.6500244140625
2022-08-01,198.0,3.6500000953674316,1045.199951171875
2022-08-02,193.75,3.6600000858306885,1074.1500244140625
2022-08-03,196.0,3.7200000286102295,1094.449951171875
2022-08-04,198.0,3.6600000858306885,1086.550048828125
2022-08-05,200.25,3.75,1088.9000244140625
2022-08-08,200.25,4.0,1151.050048828125
2022-08-09,194.25,3.9100000858306885,1141.699951171875
2022-08-10,199.75,3.9100000858306885,1143.800048828125
2022-08-11,205.0,4.090000152587891,1183.3499755859375
2022-08-12,203.25,4.409999847412109,1253.050048828125
2022-08-15,201.25,4.639999866485596,1273.5250244140625
2022-08-16,199.25,4.610000133514404,1294.0
2022-08-17,199.25,4.639999866485596,1327.800048828125
2022-08-18,201.5,4.849999904632568,1417.800048828125
2022-08-19,199.75,4.650000095367432,1401.550048828125
2022-08-22,205.75,4.769999980926514,1428.300048828125
2022-08-23,204.25,5.170000076293945,1539.1500244140625
2022-08-24,198.25,5.300000190734863,1580.550048828125
2022-08-25,192.75,5.579999923706055,1655.0
2022-08-26,193.0,5.510000228881836,1630.699951171875
2022-08-29,198.75,5.880000114440918,1717.949951171875
2022-08-30,200.25,5.510000228881836,1635.949951171875
2022-08-31,192.25,5.489999771118164,1604.8499755859375
2022-09-01,193.0,5.619999885559082,1640.6500244140625
2022-09-02,190.5,5.820000171661377,1678.2250366210938
2022-09-05,188.0,5.920000076293945,1715.800048828125
2022-09-06,189.5,6.019999980926514,1738.449951171875
2022-09-07,181.75,6.599999904632568,1875.8499755859375
2022-09-08,179.75,6.769999980926514,1938.4000244140625
2022-09-09,181.5,6.96999979019165,1971.5999755859375
2022-09-12,184.25,7.019999980926514,1983.5999755859375
2022-09-13,185.25,7.110000133514404,2010.1500244140625
2022-09-14,192.25,7.300000190734863,2078.949951171875
2022-09-15,192.75,6.670000076293945,1989.800048828125
2022-09-16,186.0,6.96999979019165,2107.14990234375
2022-09-19,186.25,7.210000038146973,2200.5
2022-09-20,186.25,7.159999847412109,2185.85009765625
2022-09-21,187.75,6.820000171661377,2116.89990234375
2022-09-22,191.75,6.920000076293945,2180.300048828125
2022-09-23,191.5,6.230000019073486,1961.75
2022-09-26,186.0,6.25,1953.9000244140625
2022-09-27,178.75,6.210000038146973,1919.3499755859375
2022-09-28,177.0,6.389999866485596,1976.050048828125
2022-09-29,173.5,6.21999979019165,1928.4000244140625
2022-09-30,171.25,6.210000038146973,1940.449951171875
2022-10-03,179.75,6.820000171661377,2113.39990234375
2022-10-04,184.5,6.929999828338623,2139.699951171875
2022-10-05,181.75,7.400000095367432,2307.64990234375
2022-10-06,181.5,7.210000038146973,2233.0
2022-10-07,179.83333333333334,7.190000057220459,2173.8999837239585
2022-10-10,178.16666666666666,6.880000114440918,2114.7999674479165
2022-10-11,176.5,6.730000019073486,2055.699951171875
2022-10-12,178.25,6.599999904632568,2037.0
2022-10-13,179.5,6.869999885559082,2172.60009765625
2022-10-14,178.5,6.659999847412109,2105.0
2022-10-17,177.0,7.070000171661377,2181.449951171875
2022-10-18,174.25,6.940000057220459,2137.75
2022-10-19,170.25,7.039999961853027,2140.5
2022-10-20,169.25,7.050000190734863,2132.89990234375
2022-10-21,170.0,7.170000076293945,2190.800048828125
2022-10-24,169.75,7.389999866485596,2255.35009765625
2022-10-25,171.25,7.630000114440918,2352.449951171875
2022-10-26,169.75,7.78000020980835,2392.300048828125
2022-10-27,170.5,7.869999885559082,2429.60009765625
2022-10-28,174.5,7.639999866485596,2354.550048828125
2022-10-31,173.0,7.639999866485596,2361.10009765625
2022-11-01,173.0,8.260000228881836,2509.5
2022-11-02,172.5,7.929999828338623,2432.75
2022-11-03,170.75,8.119999885559082,2499.800048828125
2022-11-04,171.5,8.039999961853027,2469.64990234375
2022-11-07,170.5,7.929999828338623,2431.050048828125
2022-11-08,169.0,7.75,2377.0
2022-11-09,167.0,7.119999885559082,2200.0
2022-11-10,171.0,7.190000057220459,2235.89990234375
2022-11-11,176.0,7.650000095367432,2392.800048828125
2022-11-14,182.0,8.039999961853027,2492.550048828125
2022-11-15,186.75,8.079999923706055,2605.5
2022-11-16,192.25,7.639999866485596,2495.0
2022-11-17,190.0,7.389999866485596,2480.0
2022-11-18,194.0,7.360000133514404,2484.89990234375
2022-11-21,192.25,7.269999980926514,2494.824951171875
2022-11-22,190.5,7.480000019073486,2504.75
2022-11-23,189.75,7.659999847412109,2509.949951171875
2022-11-24,192.0,7.940000057220459,2577.0
2022-11-25,190.75,8.220000267028809,2680.0
2022-11-28,187.5,8.279999732971191,2719.0
2022-11-29,194.75,8.600000381469727,2784.60009765625
2022-11-30,205.0,8.390000343322754,2761.0
2022-12-01,205.75,8.380000114440918,2756.35009765625
2022-12-02,203.75,8.260000228881836,2730.0
2022-12-05,199.5,7.78000020980835,2611.0
2022-12-06,203.0,7.650000095367432,2622.0
2022-12-07,204.0,7.78000020980835,2650.0
2022-12-08,203.58333333333334,7.400000095367432,2607.6666666666665
2022-12-09,203.16666666666666,7.380000114440918,2565.3333333333335
2022-12-12,202.75,7.489999771118164,2523.0
2022-12-13,200.75,7.510000228881836,2538.699951171875
2022-12-14,200.0,7.389999866485596,2485.0
2022-12-15,198.5,7.46999979019165,2479.5
2022-12-16,201.25,7.46999979019165,2475.0
2022-12-19,199.5,7.940000057220459,2616.0
2022-12-20,199.75,8.470000267028809,2751.35009765625
2022-12-21,203.0,8.680000305175781,2882.0
2022-12-22,204.25,8.859999656677246,2919.89990234375
2022-12-23,204.0,9.09000015258789,3039.0
2022-12-26,208.25,8.96500015258789,3084.949951171875
2022-12-27,216.0,8.84000015258789,3003.800048828125
2022-12-28,224.0,9.09000015258789,3130.0
2022-12-29,220.0,9.050000190734863,3111.5
2022-12-30,219.75,9.1899995803833,3168.449951171875
2023-01-02,221.0,8.949999809265137,3295.0
2023-01-03,221.0,8.710000038146973,2998.0
2023-01-04,225.5,8.710000038146973,3000.0
2023-01-05,231.5,9.350000381469727,3180.5
2023-01-06,236.0,9.449999809265137,3237.0
2023-01-09,238.0,9.75,3273.0
2023-01-10,238.5,9.720000267028809,3244.0
2023-01-11,247.25,9.869999885559082,3315.0
2023-01-12,249.0,10.350000381469727,3605.0
2023-01-13,260.0,11.079999923706055,3870.0
2023-01-16,277.0,11.650000095367432,4028.0
2023-01-17,285.0,12.220000267028809,4350.0498046875
2023-01-18,276.0,11.210000038146973,4016.0
2023-01-19,263.0,11.220000267028809,4010.0
2023-01-20,271.0,11.920000076293945,4285.0
2023-01-23,275.5,11.979999542236328,4366.0
2023-01-24,285.0,12.0,4374.0
2023-01-25,287.0,12.079999923706055,4409.0
2023-01-26,292.5,12.020000457763672,4416.0
2023-01-27,292.5,11.539999961853027,4283.0
2023-01-30,299.5,11.149999618530273,4146.9501953125
2023-01-31,298.0,11.949999809265137,4394.0
2023-02-01,298.5,11.75,4287.0
2023-02-02,300.5,11.470000267028809,4130.0
2023-02-03,292.0,11.180000305175781,4119.0
2023-02-06,295.5,11.479999542236328,4165.0
2023-02-07,315.0,11.539999961853027,4235.0
2023-02-08,310.0,11.550000190734863,4250.0
2023-02-09,312.0,11.279999732971191,4182.5
2023-02-10,313.0,11.579999923706055,4283.0
2023-02-13,316.0,12.029999732971191,4503.0498046875
2023-02-14,314.0,12.09000015258789,4496.9501953125
2023-02-15,317.0,11.880000114440918,4420.0
2023-02-16,320.0,11.890000343322754,4415.0
2023-02-17,310.0,11.40999984741211,4205.0
2023-02-20,,,
2023-02-21,308.75,11.399999618530273,4187.60009765625
2023-02-22,307.5,11.369999885559082,4170.2001953125
2023-02-23,310.0,11.710000038146973,4324.0
2023-02-24,310.0,11.880000114440918,4351.0
2023-02-27,305.0,12.109999656677246,4465.0
2023-02-28,300.0,11.770000457763672,4358.5
2023-03-01,298.0,12.100000381469727,4438.0
2023-03-02,300.0,11.550000190734863,4345.0
2023-03-03,299.0,11.930000305175781,4430.0498046875
2023-03-06,296.0,12.710000038146973,4740.0
2023-03-07,292.0,11.800000190734863,4458.0
2023-03-08,290.0,12.050000190734863,4545.0
2023-03-09,293.0,11.5600004196167,4534.89990234375
2023-03-10,278.5,10.649999618530273,4210.0
2023-03-13,266.5,9.90999984741211,3923.300048828125
2023-03-14,260.0,9.779999732971191,3874.199951171875
2023-03-15,240.75,9.270000457763672,3686.25
2023-03-16,258.5,9.520000457763672,3842.949951171875
2023-03-17,260.0,9.050000190734863,3682.449951171875
2023-03-20,251.0,9.130000114440918,3690.5
2023-03-21,255.0,9.819999694824219,3946.699951171875
2023-03-22,257.0,9.770000457763672,3888.0
2023-03-23,261.0,9.65999984741211,3757.0
2023-03-24,268.0,9.619999885559082,3902.9000244140625
2023-03-27,275.0,10.3100004196167,4048.800048828125
2023-03-28,291.0,10.829999923706055,4256.4501953125
2023-03-29,300.0,11.229999542236328,4442.89990234375
2023-03-30,298.5,11.430000305175781,4593.0
2023-03-31,298.5,10.979999542236328,4444.35009765625
2023-04-03,306.5,11.649999618530273,4724.39990234375
2023-04-04,319.5,11.399999618530273,4635.7998046875
2023-04-05,316.5,11.470000267028809,4676.0498046875
2023-04-06,313.5,11.15999984741211,4809.64990234375
2023-04-07,,,
2023-04-10,310.5,12.300000190734863,4943.25
2023-04-11,308.0,12.40999984741211,4964.9501953125
2023-04-12,308.0,12.539999961853027,4999.5
2023-04-13,307.5,12.350000381469727,4962.7001953125
2023-04-14,316.0,12.449999809265137,5022.14990234375
2023-04-17,320.5,12.279999732971191,5046.39990234375
2023-04-18,329.0,12.220000267028809,5194.7001953125
2023-04-19,320.0,11.5600004196167,5054.25
2023-04-20,336.0,11.479999542236328,5078.2001953125
2023-04-21,356.0,11.300000190734863,5185.64990234375
2023-04-24,347.0,11.430000305175781,5376.7998046875
2023-04-25,352.0,11.119999885559082,5401.7998046875
2023-04-26,354.5,11.020000457763672,5227.7998046875
2023-04-27,358.5,11.079999923706055,5113.64990234375
2023-04-28,353.0,11.119999885559082,5101.75
2023-05-01,349.75,10.970000267028809,5054.125
2023-05-02,346.5,10.8100004196167,5006.5
2023-05-03,332.5,10.619999885559082,4795.39990234375
2023-05-04,324.5,10.539999961853027,4768.75
2023-05-05,335.5,11.390000343322754,5202.5498046875
2023-05-08,338.0,11.520000457763672,5312.5498046875
2023-05-09,336.0,11.739999771118164,5340.5
2023-05-10,336.5,11.649999618530273,5280.7001953125
2023-05-11,335.5,11.75,5375.0
2023-05-12,345.5,11.359999656677246,5311.2001953125
2023-05-15,340.5,11.130000114440918,5283.9501953125
2023-05-16,333.5,10.800000190734863,5212.85009765625
2023-05-17,332.5,11.0600004196167,5358.85009765625
2023-05-18,343.0,10.880000114440918,5389.4501953125
2023-05-19,373.0,10.8100004196167,5334.2998046875
2023-05-22,380.5,10.800000190734863,5306.35009765625
2023-05-23,379.0,11.170000076293945,5508.35009765625
2023-05-24,376.5,11.380000114440918,5571.35009765625
2023-05-25,380.6666666666667,11.0600004196167,5589.9833984375
2023-05-26,384.8333333333333,11.119999885559082,5608.61669921875
2023-05-29,389.0,11.199999809265137,5627.25
2023-05-30,385.5,11.279999732971191,5514.5
2023-05-31,384.0,10.989999771118164,5390.0
2023-06-01,387.0,11.300000190734863,5609.2998046875
2023-06-02,385.5,11.479999542236328,5690.89990234375
2023-06-05,389.0,11.729999542236328,5812.75
2023-06-06,400.0,12.460000038146973,6139.14990234375
2023-06-07,395.0,12.529999732971191,6177.7001953125
2023-06-08,388.0,12.619999885559082,6276.10009765625
2023-06-09,387.0,12.550000190734863,6262.4501953125
2023-06-12,383.0,12.390000343322754,6199.5498046875
2023-06-13,380.5,12.399999618530273,6186.0
2023-06-14,374.5,12.5,6237.2998046875
2023-06-15,377.0,13.449999809265137,6770.2001953125
2023-06-16,382.0,14.550000190734863,7373.85009765625
2023-06-19,,,
2023-06-20,379.25,14.539999961853027,7590.72509765625
2023-06-21,376.5,15.449999809265137,7807.60009765625
2023-06-22,369.0,14.729999542236328,7544.64990234375
2023-06-23,372.0,14.789999961853027,7644.10009765625
2023-06-26,370.0,15.399999618530273,7889.2001953125
2023-06-27,360.0,14.989999771118164,7655.85009765625
2023-06-28,355.5,14.770000457763672,7430.0
2023-06-29,367.5,15.1899995803833,7678.0
2023-06-30,389.5,14.890000343322754,7647.25
2023-07-03,398.0,14.890000343322754,7702.7998046875
2023-07-04,396.0,15.019999980926514,7869.10009765625
2023-07-05,386.0,15.149999618530273,7729.9501953125
2023-07-06,367.0,14.050000190734863,7278.2001953125
2023-07-07,366.0,14.369999885559082,7427.14990234375
2023-07-10,361.5,14.510000228881836,7513.9501953125
2023-07-11,360.5,14.420000076293945,7454.4501953125
2023-07-12,360.0,14.9399995803833,7673.64990234375
2023-07-13,362.0,15.170000076293945,7975.0498046875
2023-07-14,369.5,14.479999542236328,7837.5
2023-07-17,379.0,15.239999771118164,8135.7001953125
2023-07-18,381.0,15.479999542236328,8210.849609375
2023-07-19,379.0,15.350000381469727,8144.2001953125
2023-07-20,382.5,15.25,8120.35009765625
2023-07-21,382.5,15.460000038146973,8280.2001953125
2023-07-24,379.5,15.630000114440918,8379.0
2023-07-25,378.5,15.630000114440918,8465.349609375
2023-07-26,370.5,15.399999618530273,8388.0
2023-07-27,367.0,14.350000381469727,7859.2001953125
2023-07-28,369.0,14.59000015258789,8033.2998046875
2023-07-31,367.0,14.890000343322754,8220.2998046875
2023-08-01,364.0,14.680000305175781,8207.2998046875
2023-08-02,355.5,14.260000228881836,8081.85009765625
2023-08-03,356.0,14.0,8058.35009765625
2023-08-04,356.0,14.069999694824219,8251.900390625
2023-08-07,347.5,13.949999809265137,8315.400390625
2023-08-08,356.5,14.329999923706055,8513.9501953125
2023-08-09,359.5,14.329999923706055,8491.4501953125
2023-08-10,362.5,14.390000343322754,8611.2998046875
2023-08-11,380.5,14.510000228881836,8671.150390625
2023-08-14,403.5,14.229999542236328,9294.0
2023-08-15,427.0,14.069999694824219,9864.2998046875
2023-08-16,450.5,14.630000114440918,10573.5
2023-08-17,463.5,14.739999771118164,11032.2998046875
2023-08-18,453.0,14.59000015258789,10951.599609375
2023-08-21,459.25,14.399999618530273,10963.94970703125
2023-08-22,465.5,14.619999885559082,10976.2998046875
2023-08-23,493.0,15.029999732971191,11281.650390625
2023-08-24,504.5,14.6899995803833,11206.0498046875
2023-08-25,531.5,14.75,11441.650390625
2023-08-28,547.5,14.899999618530273,11736.2001953125
2023-08-29,548.0,14.84000015258789,11909.0
2023-08-30,560.5,14.609999656677246,11700.7001953125
2023-08-31,540.0,14.4399995803833,11356.349609375
2023-09-01,530.0,14.210000038146973,10886.650390625
2023-09-04,522.0,13.929999828338623,10787.0
2023-09-05,482.5,13.649999618530273,10363.0
2023-09-06,465.5,13.470000267028809,10245.9501953125
2023-09-07,437.0,13.09000015258789,9615.2998046875
2023-09-08,424.0,12.65999984741211,9291.849609375
2023-09-11,418.5,12.069999694824219,8854.75
2023-09-12,444.5,12.449999809265137,9204.5498046875
2023-09-13,487.0,12.84000015258789,9544.349609375
2023-09-14,523.5,12.930000305175781,9648.349609375
2023-09-15,540.0,12.710000038146973,9415.5
2023-09-18,541.5,13.079999923706055,9640.5498046875
2023-09-19,534.0,12.9399995803833,9578.099609375
2023-09-20,528.0,12.789999961853027,9509.4501953125
2023-09-21,493.5,13.119999885559082,9839.150390625
2023-09-22,514.0,12.869999885559082,9640.349609375
2023-09-25,503.5,12.579999923706055,9540.7001953125
2023-09-26,490.5,12.210000038146973,9389.2001953125
2023-09-27,481.5,12.6899995803833,10001.0
2023-09-28,491.5,12.619999885559082,10264.400390625
2023-09-29,490.0,12.25,10021.7998046875
2023-10-02,478.0,12.119999885559082,10010.7001953125
2023-10-03,472.0,11.640000343322754,9963.849609375
2023-10-04,484.0,11.460000038146973,10306.2998046875
2023-10-05,490.0,11.489999771118164,10294.7998046875
2023-10-06,502.0,11.399999618530273,9955.150390625
2023-10-09,514.0,11.970000267028809,10543.4501953125
2023-10-10,586.5,12.079999923706055,11568.849609375
2023-10-11,572.5,12.5,11849.900390625
2023-10-12,627.5,12.859999656677246,12294.25
2023-10-13,645.3333333333334,12.739999771118164,12735.533203125
2023-10-16,663.1666666666666,12.979999542236328,13176.81640625
2023-10-17,681.0,13.720000267028809,13618.099609375
2023-10-18,678.5,13.5,13046.5
2023-10-19,679.5,12.609999656677246,12156.4501953125
2023-10-20,701.0,12.289999961853027,12925.5498046875
2023-10-23,629.0,11.489999771118164,11265.650390625
2023-10-24,581.0,11.239999771118164,10284.2998046875
2023-10-25,593.5,11.270000457763672,10297.2001953125
2023-10-26,559.5,11.300000190734863,10030.2998046875
2023-10-27,551.5,11.039999961853027,9625.7998046875
2023-10-30,515.5,10.449999809265137,8880.599609375
2023-10-31,538.5,9.930000305175781,8611.400390625
